Driver	DateTimeStart	DateTimeEnd	Duration	Activity	Week	Day	DayType	Sequence	BreakType	Token	Legal	Cluster	ZenoInfo
driver2	2017-10-01 11:47:00	2017-10-01 11:49:00	2.0	Driving	1.0	2.0	ndd	first	uninterrupted	A	1	19	
driver2	2017-10-01 11:49:00	2017-10-01 11:58:00	9.0	Other	1.0	2.0	ndd	first	uninterrupted	A	1	19	
driver2	2017-10-01 11:58:00	2017-10-01 14:21:00	143.0	Driving	1.0	2.0	ndd	first	uninterrupted	A	1	19	
driver2	2017-10-01 14:21:00	2017-10-01 14:24:00	3.0	Other	1.0	2.0	ndd	first	uninterrupted	A	1	19	
driver2	2017-10-01 14:24:00	2017-10-01 15:18:00	54.0	Break	1.0	2.0	ndd	first	uninterrupted	B_T1	1	19	
driver2	2017-10-01 15:18:00	2017-10-01 15:29:00	11.0	Driving	1.0	2.0	ndd	second	split_1	A	1	19	
driver2	2017-10-01 15:29:00	2017-10-01 16:07:00	38.0	Break	1.0	2.0	ndd	second	split_1	B_T2	1	19	
driver2	2017-10-01 16:07:00	2017-10-01 16:34:00	27.0	Driving	1.0	2.0	ndd	second	split_2	A	1	19	
driver2	2017-10-01 16:34:00	2017-10-01 19:54:00	200.0	Break	1.0	2.0	ndd	second	split_2	DR_T3	1	19	
driver5	2017-12-01 08:20:00	2017-12-01 11:14:00	174.0	Driving	3.0	11.0	ndd	first	uninterrupted	A	1	19	
driver5	2017-12-01 11:14:00	2017-12-01 11:16:00	2.0	Other	3.0	11.0	ndd	first	uninterrupted	A	1	19	
driver5	2017-12-01 11:16:00	2017-12-01 12:46:00	90.0	Driving	3.0	11.0	ndd	first	uninterrupted	A	1	19	
driver5	2017-12-01 12:46:00	2017-12-01 13:46:00	60.0	Break	3.0	11.0	ndd	first	uninterrupted	B_T1	1	19	
driver5	2017-12-01 13:46:00	2017-12-01 16:47:00	181.0	Driving	3.0	11.0	ndd	second	split_1	A	1	19	
driver5	2017-12-01 16:47:00	2017-12-01 17:05:00	18.0	Break	3.0	11.0	ndd	second	split_1	B_T2	1	19	
driver5	2017-12-01 17:05:00	2017-12-01 18:28:00	83.0	Driving	3.0	11.0	ndd	second	split_2	A	1	19	
driver5	2017-12-01 18:28:00	2017-01-13 05:30:00	662.0	Break	3.0	11.0	ndd	second	split_2	DR_T1	1	19	
driver6	2017-09-01 18:06:00	2017-09-01 19:04:00	58.0	Driving	2.0	6.0	ndd	first	uninterrupted	A	1	19	
driver6	2017-09-01 19:04:00	2017-09-01 19:08:00	4.0	Other	2.0	6.0	ndd	first	uninterrupted	A	1	19	
driver6	2017-09-01 19:08:00	2017-09-01 19:10:00	2.0	Driving	2.0	6.0	ndd	first	uninterrupted	A	1	19	
driver6	2017-09-01 19:10:00	2017-09-01 19:19:00	9.0	Other	2.0	6.0	ndd	first	uninterrupted	A	1	19	
driver6	2017-09-01 19:19:00	2017-09-01 19:20:00	1.0	Driving	2.0	6.0	ndd	first	uninterrupted	A	1	19	
driver6	2017-09-01 19:20:00	2017-09-01 19:23:00	3.0	Other	2.0	6.0	ndd	first	uninterrupted	A	1	19	
driver6	2017-09-01 19:23:00	2017-09-01 19:24:00	1.0	Driving	2.0	6.0	ndd	first	uninterrupted	A	1	19	
driver6	2017-09-01 19:24:00	2017-09-01 19:28:00	4.0	Other	2.0	6.0	ndd	first	uninterrupted	A	1	19	
driver6	2017-09-01 19:28:00	2017-09-01 19:31:00	3.0	Driving	2.0	6.0	ndd	first	uninterrupted	A	1	19	
driver6	2017-09-01 19:31:00	2017-09-01 19:32:00	1.0	Other	2.0	6.0	ndd	first	uninterrupted	A	1	19	
driver6	2017-09-01 19:32:00	2017-09-01 19:34:00	2.0	Break	2.0	6.0	ndd	first	uninterrupted	B_T0	1	19	
driver6	2017-09-01 19:34:00	2017-09-01 19:43:00	9.0	Other	2.0	6.0	ndd	first	uninterrupted	A	1	19	
driver6	2017-09-01 19:43:00	2017-09-01 19:44:00	1.0	Driving	2.0	6.0	ndd	first	uninterrupted	A	1	19	
driver6	2017-09-01 19:44:00	2017-09-01 19:45:00	1.0	Other	2.0	6.0	ndd	first	uninterrupted	A	1	19	
driver6	2017-09-01 19:45:00	2017-09-01 19:56:00	11.0	Break	2.0	6.0	ndd	first	uninterrupted	B_T0	1	19	
driver6	2017-09-01 19:56:00	2017-09-01 20:02:00	6.0	Driving	2.0	6.0	ndd	first	uninterrupted	A	1	19	
driver6	2017-09-01 20:02:00	2017-09-01 20:07:00	5.0	Other	2.0	6.0	ndd	first	uninterrupted	A	1	19	
driver6	2017-09-01 20:07:00	2017-09-01 21:32:00	85.0	Driving	2.0	6.0	ndd	first	uninterrupted	A	1	19	
driver6	2017-09-01 21:32:00	2017-09-01 22:21:00	49.0	Break	2.0	6.0	ndd	first	uninterrupted	B_T1	1	19	
driver6	2017-09-01 22:21:00	2017-09-01 23:08:00	47.0	Driving	2.0	6.0	ndd	second	split_1	A	1	19	
driver6	2017-09-01 23:08:00	2017-09-01 23:11:00	3.0	Other	2.0	6.0	ndd	second	split_1	A	1	19	
driver6	2017-09-01 23:11:00	2017-10-01 00:20:00	69.0	Driving	2.0	6.0	ndd	second	split_1	A	1	19	
driver6	2017-10-01 00:20:00	2017-10-01 00:22:00	2.0	Other	2.0	6.0	ndd	second	split_1	A	1	19	
driver6	2017-10-01 00:22:00	2017-10-01 01:22:00	60.0	Driving	2.0	6.0	ndd	second	split_1	A	1	19	
driver6	2017-10-01 01:22:00	2017-10-01 01:25:00	3.0	Other	2.0	6.0	ndd	second	split_1	A	1	19	
driver6	2017-10-01 01:25:00	2017-10-01 01:47:00	22.0	Break	2.0	6.0	ndd	second	split_1	B_T2	1	19	
driver6	2017-10-01 01:47:00	2017-10-01 01:49:00	2.0	Other	2.0	6.0	ndd	second	split_2	A	1	19	
driver6	2017-10-01 01:49:00	2017-10-01 01:53:00	4.0	Driving	2.0	6.0	ndd	second	split_2	A	1	19	
driver6	2017-10-01 01:53:00	2017-10-01 16:26:00	873.0	Break	2.0	6.0	ndd	second	split_2	DR_T1	1	19	
driver9	2017-03-01 11:05:00	2017-03-01 11:06:00	1.0	Other	1.0	2.0	ndd	first	uninterrupted	A	1	19	
driver9	2017-03-01 11:06:00	2017-03-01 11:54:00	48.0	Driving	1.0	2.0	ndd	first	uninterrupted	A	1	19	
driver9	2017-03-01 11:54:00	2017-03-01 12:01:00	7.0	Break	1.0	2.0	ndd	first	uninterrupted	B_T0	1	19	
driver9	2017-03-01 12:01:00	2017-03-01 15:29:00	208.0	Driving	1.0	2.0	ndd	first	uninterrupted	A	1	19	
driver9	2017-03-01 15:29:00	2017-03-01 15:43:00	14.0	Break	1.0	2.0	ndd	first	uninterrupted	B_T0	1	19	
driver9	2017-03-01 15:43:00	2017-03-01 15:44:00	1.0	Driving	1.0	2.0	ndd	first	uninterrupted	A	1	19	
driver9	2017-03-01 15:44:00	2017-03-01 16:37:00	53.0	Break	1.0	2.0	ndd	first	uninterrupted	B_T1	1	19	
driver9	2017-03-01 16:37:00	2017-03-01 16:55:00	18.0	Driving	1.0	2.0	ndd	second	split_1	A	1	19	
driver9	2017-03-01 16:55:00	2017-03-01 17:09:00	14.0	Break	1.0	2.0	ndd	second	split_1	B_T0	1	19	
driver9	2017-03-01 17:09:00	2017-03-01 20:49:00	220.0	Driving	1.0	2.0	ndd	second	split_1	A	1	19	
driver9	2017-03-01 20:49:00	2017-03-01 21:35:00	46.0	Break	1.0	2.0	ndd	second	split_1	B_T2	1	19	
driver9	2017-03-01 21:35:00	2017-03-01 22:57:00	82.0	Driving	1.0	2.0	ndd	second	split_2	A	1	19	
driver9	2017-03-01 22:57:00	2017-04-01 10:10:00	673.0	Break	1.0	2.0	ndd	second	split_2	DR_T1	1	19	
driver11	2017-11-01 07:01:00	2017-11-01 07:05:00	4.0	Driving	3.0	8.0	ndd	first	uninterrupted	A	1	19	
driver11	2017-11-01 07:05:00	2017-11-01 07:10:00	5.0	Break	3.0	8.0	ndd	first	uninterrupted	B_T0	1	19	
driver11	2017-11-01 07:10:00	2017-11-01 07:11:00	1.0	Other	3.0	8.0	ndd	first	uninterrupted	A	1	19	
driver11	2017-11-01 07:11:00	2017-11-01 07:13:00	2.0	Driving	3.0	8.0	ndd	first	uninterrupted	A	1	19	
driver11	2017-11-01 07:13:00	2017-11-01 07:23:00	10.0	Other	3.0	8.0	ndd	first	uninterrupted	A	1	19	
driver11	2017-11-01 07:23:00	2017-11-01 07:24:00	1.0	Driving	3.0	8.0	ndd	first	uninterrupted	A	1	19	
driver11	2017-11-01 07:24:00	2017-11-01 07:30:00	6.0	Other	3.0	8.0	ndd	first	uninterrupted	A	1	19	
driver11	2017-11-01 07:30:00	2017-11-01 07:31:00	1.0	Driving	3.0	8.0	ndd	first	uninterrupted	A	1	19	
driver11	2017-11-01 07:31:00	2017-11-01 07:33:00	2.0	Other	3.0	8.0	ndd	first	uninterrupted	A	1	19	
driver11	2017-11-01 07:33:00	2017-11-01 08:27:00	54.0	Driving	3.0	8.0	ndd	first	uninterrupted	A	1	19	
driver11	2017-11-01 08:27:00	2017-11-01 09:37:00	70.0	Break	3.0	8.0	ndd	first	uninterrupted	B_T1	1	19	
driver11	2017-11-01 09:37:00	2017-11-01 13:03:00	206.0	Driving	3.0	8.0	ndd	second	split_1	A	1	19	
driver11	2017-11-01 13:03:00	2017-11-01 13:50:00	47.0	Break	3.0	8.0	ndd	second	split_1	B_T2	1	19	
driver11	2017-11-01 13:50:00	2017-11-01 15:43:00	113.0	Driving	3.0	8.0	ndd	second	split_2	A	1	19	
driver11	2017-11-01 15:43:00	2017-11-01 15:46:00	3.0	Break	3.0	8.0	ndd	second	split_2	B_T0	1	19	
driver11	2017-11-01 15:46:00	2017-11-01 15:47:00	1.0	Driving	3.0	8.0	ndd	second	split_2	A	1	19	
driver11	2017-11-01 15:47:00	2017-11-01 15:51:00	4.0	Break	3.0	8.0	ndd	second	split_2	B_T0	1	19	
driver11	2017-11-01 15:51:00	2017-11-01 15:54:00	3.0	Driving	3.0	8.0	ndd	second	split_2	A	1	19	
driver11	2017-11-01 15:54:00	2017-12-01 07:53:00	959.0	Break	3.0	8.0	ndd	second	split_2	DR_T1	1	19	
driver12	2017-05-01 15:46:00	2017-05-01 15:48:00	2.0	Driving	2.0	3.0	ndd	first	uninterrupted	A	1	19	
driver12	2017-05-01 15:48:00	2017-05-01 15:50:00	2.0	Other	2.0	3.0	ndd	first	uninterrupted	A	1	19	
driver12	2017-05-01 15:50:00	2017-05-01 17:06:00	76.0	Break	2.0	3.0	ndd	first	uninterrupted	B_T1	1	19	
driver12	2017-05-01 17:06:00	2017-05-01 20:23:00	197.0	Driving	2.0	3.0	ndd	second	split_1	A	1	19	
driver12	2017-05-01 20:23:00	2017-05-01 21:09:00	46.0	Break	2.0	3.0	ndd	second	split_1	B_T2	1	19	
driver12	2017-05-01 21:09:00	2017-05-01 23:44:00	155.0	Driving	2.0	3.0	ndd	second	split_2	A	1	19	
driver12	2017-05-01 23:44:00	2017-06-01 08:52:00	548.0	Break	2.0	3.0	ndd	second	split_2	DR_T2	1	19	
driver15	2017-01-13 13:50:00	2017-01-13 13:57:00	7.0	Driving	2.0	9.0	ndd	first	uninterrupted	A	1	19	
driver15	2017-01-13 13:57:00	2017-01-13 14:03:00	6.0	Other	2.0	9.0	ndd	first	uninterrupted	A	1	19	
driver15	2017-01-13 14:03:00	2017-01-13 14:05:00	2.0	Break	2.0	9.0	ndd	first	uninterrupted	B_T0	1	19	
driver15	2017-01-13 14:05:00	2017-01-13 14:09:00	4.0	Driving	2.0	9.0	ndd	first	uninterrupted	A	1	19	
driver15	2017-01-13 14:09:00	2017-01-13 14:22:00	13.0	Break	2.0	9.0	ndd	first	uninterrupted	B_T0	1	19	
driver15	2017-01-13 14:22:00	2017-01-13 14:23:00	1.0	Other	2.0	9.0	ndd	first	uninterrupted	A	1	19	
driver15	2017-01-13 14:23:00	2017-01-13 14:27:00	4.0	Driving	2.0	9.0	ndd	first	uninterrupted	A	1	19	
driver15	2017-01-13 14:27:00	2017-01-13 14:32:00	5.0	Other	2.0	9.0	ndd	first	uninterrupted	A	1	19	
driver15	2017-01-13 14:32:00	2017-01-13 14:39:00	7.0	Driving	2.0	9.0	ndd	first	uninterrupted	A	1	19	
driver15	2017-01-13 14:39:00	2017-01-13 14:43:00	4.0	Other	2.0	9.0	ndd	first	uninterrupted	A	1	19	
driver15	2017-01-13 14:43:00	2017-01-13 14:52:00	9.0	Driving	2.0	9.0	ndd	first	uninterrupted	A	1	19	
driver15	2017-01-13 14:52:00	2017-01-13 16:31:00	99.0	Break	2.0	9.0	ndd	first	uninterrupted	B_T1	1	19	
driver15	2017-01-13 16:31:00	2017-01-13 16:33:00	2.0	Other	2.0	9.0	ndd	second	split_1	A	1	19	
driver15	2017-01-13 16:33:00	2017-01-13 17:01:00	28.0	Break	2.0	9.0	ndd	second	split_1	B_T2	1	19	
driver15	2017-01-13 17:01:00	2017-01-13 17:03:00	2.0	Other	2.0	9.0	ndd	second	split_2	A	1	19	
driver15	2017-01-13 17:03:00	2017-01-13 17:05:00	2.0	Driving	2.0	9.0	ndd	second	split_2	A	1	19	
driver15	2017-01-13 17:05:00	2017-01-13 17:08:00	3.0	Break	2.0	9.0	ndd	second	split_2	B_T0	1	19	
driver15	2017-01-13 17:08:00	2017-01-13 17:11:00	3.0	Other	2.0	9.0	ndd	second	split_2	A	1	19	
driver15	2017-01-13 17:11:00	2017-01-13 17:13:00	2.0	Driving	2.0	9.0	ndd	second	split_2	A	1	19	
driver15	2017-01-13 17:13:00	2017-01-13 17:15:00	2.0	Break	2.0	9.0	ndd	second	split_2	B_T0	1	19	
driver15	2017-01-13 17:15:00	2017-01-13 17:18:00	3.0	Driving	2.0	9.0	ndd	second	split_2	A	1	19	
driver15	2017-01-13 17:18:00	2017-01-16 08:08:00	3770.0	Break	2.0	9.0	ndd	second	split_2	WR_T1	1	19	
driver25	2017-11-01 06:54:00	2017-11-01 07:48:00	54.0	Driving	2.0	9.0	ndd	first	uninterrupted	A	1	19	
driver25	2017-11-01 07:48:00	2017-11-01 07:59:00	11.0	Break	2.0	9.0	ndd	first	uninterrupted	B_T0	1	19	
driver25	2017-11-01 07:59:00	2017-11-01 08:08:00	9.0	Driving	2.0	9.0	ndd	first	uninterrupted	A	1	19	
driver25	2017-11-01 08:08:00	2017-11-01 08:12:00	4.0	Break	2.0	9.0	ndd	first	uninterrupted	B_T0	1	19	
driver25	2017-11-01 08:12:00	2017-11-01 08:14:00	2.0	Driving	2.0	9.0	ndd	first	uninterrupted	A	1	19	
driver25	2017-11-01 08:14:00	2017-11-01 08:18:00	4.0	Break	2.0	9.0	ndd	first	uninterrupted	B_T0	1	19	
driver25	2017-11-01 08:18:00	2017-11-01 08:22:00	4.0	Other	2.0	9.0	ndd	first	uninterrupted	A	1	19	
driver25	2017-11-01 08:22:00	2017-11-01 09:09:00	47.0	Break	2.0	9.0	ndd	first	uninterrupted	B_T1	1	19	
driver25	2017-11-01 09:09:00	2017-11-01 09:20:00	11.0	Driving	2.0	9.0	ndd	second	split_1	A	1	19	
driver25	2017-11-01 09:20:00	2017-11-01 10:03:00	43.0	Break	2.0	9.0	ndd	second	split_1	B_T2	1	19	
driver25	2017-11-01 10:03:00	2017-11-01 10:12:00	9.0	Driving	2.0	9.0	ndd	second	split_2	A	1	19	
driver25	2017-11-01 10:12:00	2017-12-01 10:16:00	1444.0	Break	2.0	9.0	ndd	second	split_2	WR_T2	1	19	
driver32	2017-04-01 16:54:00	2017-04-01 19:25:00	151.0	Driving	1.0	4.0	ndd	first	uninterrupted	A	1	19	
driver32	2017-04-01 19:25:00	2017-04-01 19:40:00	15.0	Other	1.0	4.0	ndd	first	uninterrupted	A	1	19	
driver32	2017-04-01 19:40:00	2017-04-01 19:42:00	2.0	Driving	1.0	4.0	ndd	first	uninterrupted	A	1	19	
driver32	2017-04-01 19:42:00	2017-04-01 19:44:00	2.0	Other	1.0	4.0	ndd	first	uninterrupted	A	1	19	
driver32	2017-04-01 19:44:00	2017-04-01 19:46:00	2.0	Driving	1.0	4.0	ndd	first	uninterrupted	A	1	19	
driver32	2017-04-01 19:46:00	2017-04-01 20:00:00	14.0	Other	1.0	4.0	ndd	first	uninterrupted	A	1	19	
driver32	2017-04-01 20:00:00	2017-04-01 20:04:00	4.0	Driving	1.0	4.0	ndd	first	uninterrupted	A	1	19	
driver32	2017-04-01 20:04:00	2017-04-01 21:12:00	68.0	Break	1.0	4.0	ndd	first	uninterrupted	B_T1	1	19	
driver32	2017-04-01 21:12:00	2017-04-01 21:13:00	1.0	Idle	1.0	4.0	ndd	second	split_1	I	1	19	
driver32	2017-06-01 17:20:00	2017-06-01 17:23:00	3.0	Break	1.0	4.0	ndd	second	split_1	B_T0	1	19	
driver32	2017-06-01 17:23:00	2017-06-01 17:31:00	8.0	Other	1.0	4.0	ndd	second	split_1	A	1	19	
driver32	2017-06-01 17:31:00	2017-06-01 17:33:00	2.0	Driving	1.0	4.0	ndd	second	split_1	A	1	19	
driver32	2017-06-01 17:33:00	2017-06-01 18:23:00	50.0	Break	1.0	4.0	ndd	second	split_1	B_T2	1	19	
driver32	2017-06-01 18:23:00	2017-06-01 18:24:00	1.0	Driving	1.0	4.0	ndd	second	split_2	A	1	19	
driver32	2017-06-01 18:24:00	2017-06-01 18:44:00	20.0	Other	1.0	4.0	ndd	second	split_2	A	1	19	
driver32	2017-06-01 18:44:00	2017-06-01 22:45:00	241.0	Driving	1.0	4.0	ndd	second	split_2	A	1	19	
driver32	2017-06-01 22:45:00	2017-06-01 22:47:00	2.0	Other	1.0	4.0	ndd	second	split_2	A	1	19	
driver32	2017-06-01 22:47:00	2017-07-01 08:15:00	568.0	Break	1.0	4.0	ndd	second	split_2	DR_T4	1	19	
driver35	2017-12-01 18:04:00	2017-12-01 20:24:00	140.0	Driving	2.0	10.0	ndd	first	uninterrupted	A	1	19	
driver35	2017-12-01 20:24:00	2017-12-01 20:30:00	6.0	Break	2.0	10.0	ndd	first	uninterrupted	B_T0	1	19	
driver35	2017-12-01 20:30:00	2017-12-01 20:38:00	8.0	Other	2.0	10.0	ndd	first	uninterrupted	A	1	19	
driver35	2017-12-01 20:38:00	2017-12-01 22:48:00	130.0	Driving	2.0	10.0	ndd	first	uninterrupted	A	1	19	
driver35	2017-12-01 22:48:00	2017-12-01 23:56:00	68.0	Break	2.0	10.0	ndd	first	uninterrupted	B_T1	1	19	
driver35	2017-12-01 23:56:00	2017-01-13 01:27:00	91.0	Driving	2.0	10.0	ndd	second	split_1	A	1	19	
driver35	2017-01-13 01:27:00	2017-01-13 01:48:00	21.0	Break	2.0	10.0	ndd	second	split_1	B_T2	1	19	
driver35	2017-01-13 01:48:00	2017-01-13 04:48:00	180.0	Driving	2.0	10.0	ndd	second	split_2	A	1	19	
driver35	2017-01-13 04:48:00	2017-01-13 14:53:00	605.0	Break	2.0	10.0	ndd	second	split_2	DR_T2	1	19	
driver39	2017-02-01 18:17:00	2017-02-01 18:18:00	1.0	Other	1.0	1.0	ndd	first	uninterrupted	A	1	19	
driver39	2017-02-01 18:18:00	2017-02-01 19:21:00	63.0	Driving	1.0	1.0	ndd	first	uninterrupted	A	1	19	
driver39	2017-02-01 19:21:00	2017-02-01 19:22:00	1.0	Other	1.0	1.0	ndd	first	uninterrupted	A	1	19	
driver39	2017-02-01 19:22:00	2017-02-01 19:23:00	1.0	Break	1.0	1.0	ndd	first	uninterrupted	B_T0	1	19	
driver39	2017-02-01 19:23:00	2017-02-01 19:24:00	1.0	Driving	1.0	1.0	ndd	first	uninterrupted	A	1	19	
driver39	2017-02-01 19:24:00	2017-02-01 20:40:00	76.0	Break	1.0	1.0	ndd	first	uninterrupted	B_T1	1	19	
driver39	2017-02-01 20:40:00	2017-02-01 20:42:00	2.0	Driving	1.0	1.0	ndd	second	split_1	A	1	19	
driver39	2017-02-01 20:42:00	2017-02-01 22:35:00	113.0	Break	1.0	1.0	ndd	second	split_1	B_T2	1	19	
driver39	2017-02-01 22:35:00	2017-03-01 01:33:00	178.0	Driving	1.0	1.0	ndd	second	split_2	A	1	19	
driver39	2017-03-01 01:33:00	2017-03-01 14:12:00	759.0	Break	1.0	1.0	ndd	second	split_2	DR_T1	1	19	
driver45	2017-08-01 10:14:00	2017-08-01 14:45:00	271.0	Driving	2.0	6.0	ndd	first	uninterrupted	A	1	19	
driver45	2017-08-01 14:45:00	2017-08-01 14:47:00	2.0	Break	2.0	6.0	ndd	first	uninterrupted	B_T0	1	19	
driver45	2017-08-01 14:47:00	2017-08-01 14:48:00	1.0	Driving	2.0	6.0	ndd	first	uninterrupted	A	1	19	
driver45	2017-08-01 14:48:00	2017-08-01 15:52:00	64.0	Break	2.0	6.0	ndd	first	uninterrupted	B_T1	1	19	
driver45	2017-08-01 15:52:00	2017-08-01 15:55:00	3.0	Driving	2.0	6.0	ndd	second	split_1	A	1	19	
driver45	2017-08-01 15:55:00	2017-08-01 17:53:00	118.0	Break	2.0	6.0	ndd	second	split_1	B_T2	1	19	
driver45	2017-08-01 17:53:00	2017-08-01 18:40:00	47.0	Driving	2.0	6.0	ndd	second	split_2	A	1	19	
driver45	2017-08-01 18:40:00	2017-08-01 22:06:00	206.0	Break	2.0	6.0	ndd	second	split_2	DR_T3	1	19	
driver47	2017-01-14 06:43:00	2017-01-14 08:17:00	94.0	Driving	3.0	13.0	ndd	first	uninterrupted	A	1	19	
driver47	2017-01-14 08:17:00	2017-01-14 08:20:00	3.0	Other	3.0	13.0	ndd	first	uninterrupted	A	1	19	
driver47	2017-01-14 08:20:00	2017-01-14 08:31:00	11.0	Break	3.0	13.0	ndd	first	uninterrupted	B_T0	1	19	
driver47	2017-01-14 08:31:00	2017-01-14 11:02:00	151.0	Driving	3.0	13.0	ndd	first	uninterrupted	A	1	19	
driver47	2017-01-14 11:02:00	2017-01-14 11:51:00	49.0	Break	3.0	13.0	ndd	first	uninterrupted	B_T1	1	19	
driver47	2017-01-14 11:51:00	2017-01-14 15:14:00	203.0	Driving	3.0	13.0	ndd	second	split_1	A	1	19	
driver47	2017-01-14 15:14:00	2017-01-14 16:04:00	50.0	Break	3.0	13.0	ndd	second	split_1	B_T2	1	19	
driver47	2017-01-14 16:04:00	2017-01-14 18:10:00	126.0	Driving	3.0	13.0	ndd	second	split_2	A	1	19	
driver47	2017-01-14 18:10:00	2017-01-15 06:13:00	723.0	Break	3.0	13.0	ndd	second	split_2	DR_T1	1	19	
driver62	2017-09-01 17:41:00	2017-09-01 17:43:00	2.0	Driving	2.0	5.0	ndd	first	uninterrupted	A	1	19	
driver62	2017-09-01 17:43:00	2017-09-01 17:45:00	2.0	Other	2.0	5.0	ndd	first	uninterrupted	A	1	19	
driver62	2017-09-01 17:45:00	2017-09-01 17:49:00	4.0	Driving	2.0	5.0	ndd	first	uninterrupted	A	1	19	
driver62	2017-09-01 17:49:00	2017-09-01 17:54:00	5.0	Other	2.0	5.0	ndd	first	uninterrupted	A	1	19	
driver62	2017-09-01 17:54:00	2017-09-01 17:58:00	4.0	Driving	2.0	5.0	ndd	first	uninterrupted	A	1	19	
driver62	2017-09-01 17:58:00	2017-09-01 18:00:00	2.0	Other	2.0	5.0	ndd	first	uninterrupted	A	1	19	
driver62	2017-09-01 18:00:00	2017-09-01 18:01:00	1.0	Driving	2.0	5.0	ndd	first	uninterrupted	A	1	19	
driver62	2017-09-01 18:01:00	2017-09-01 18:27:00	26.0	Other	2.0	5.0	ndd	first	uninterrupted	A	1	19	
driver62	2017-09-01 18:27:00	2017-09-01 19:48:00	81.0	Break	2.0	5.0	ndd	first	uninterrupted	B_T1	1	19	
driver62	2017-09-01 19:48:00	2017-09-01 19:50:00	2.0	Driving	2.0	5.0	ndd	second	split_1	A	1	19	
driver62	2017-09-01 19:50:00	2017-09-01 20:00:00	10.0	Break	2.0	5.0	ndd	second	split_1	B_T0	1	19	
driver62	2017-09-01 20:00:00	2017-09-01 22:38:00	158.0	Driving	2.0	5.0	ndd	second	split_1	A	1	19	
driver62	2017-09-01 22:38:00	2017-10-01 00:09:00	91.0	Break	2.0	5.0	ndd	second	split_1	B_T2	1	19	
driver62	2017-10-01 00:09:00	2017-10-01 01:46:00	97.0	Driving	2.0	5.0	ndd	second	split_2	A	1	19	
driver62	2017-10-01 01:46:00	2017-10-01 01:52:00	6.0	Break	2.0	5.0	ndd	second	split_2	B_T0	1	19	
driver62	2017-10-01 02:10:00	2017-10-01 02:14:00	4.0	Break	2.0	5.0	ndd	second	split_2	B_T0	1	19	
driver62	2017-10-01 02:14:00	2017-10-01 02:57:00	43.0	Driving	2.0	5.0	ndd	second	split_2	A	1	19	
driver62	2017-10-01 02:57:00	2017-10-01 03:02:00	5.0	Other	2.0	5.0	ndd	second	split_2	A	1	19	
driver62	2017-10-01 03:02:00	2017-10-01 12:05:00	543.0	Break	2.0	5.0	ndd	second	split_2	DR_T2	1	19	
driver63	2017-01-13 07:08:00	2017-01-13 07:19:00	11.0	Other	2.0	7.0	ndd	first	uninterrupted	A	1	19	
driver63	2017-01-13 08:55:00	2017-01-13 08:56:00	1.0	Break	2.0	7.0	ndd	first	uninterrupted	B_T0	1	19	
driver63	2017-01-13 08:56:00	2017-01-13 09:06:00	10.0	Driving	2.0	7.0	ndd	first	uninterrupted	A	1	19	
driver63	2017-01-13 09:13:00	2017-01-13 09:25:00	12.0	Other	2.0	7.0	ndd	first	uninterrupted	A	1	19	
driver63	2017-01-13 10:49:00	2017-01-13 11:10:00	21.0	Other	2.0	7.0	ndd	first	uninterrupted	A	1	19	
driver63	2017-01-13 11:10:00	2017-01-13 13:24:00	134.0	Break	2.0	7.0	ndd	first	uninterrupted	B_T1	1	19	
driver63	2017-01-13 15:13:00	2017-01-13 15:18:00	5.0	Break	2.0	7.0	ndd	second	split_1	B_T0	1	19	
driver63	2017-01-13 15:18:00	2017-01-13 15:29:00	11.0	Other	2.0	7.0	ndd	second	split_1	A	1	19	
driver63	2017-01-13 16:20:00	2017-01-13 16:36:00	16.0	Break	2.0	7.0	ndd	second	split_1	B_T2	1	19	
driver63	2017-01-13 18:30:00	2017-01-14 03:46:00	556.0	Break	2.0	7.0	ndd	second	split_2	DR_T2	1	19	
driver70	2017-01-14 14:17:00	2017-01-14 14:26:00	9.0	Other	3.0	11.0	ndd	first	uninterrupted	A	1	19	
driver70	2017-01-14 14:26:00	2017-01-14 14:54:00	28.0	Driving	3.0	11.0	ndd	first	uninterrupted	A	1	19	
driver70	2017-01-14 14:54:00	2017-01-14 14:56:00	2.0	Other	3.0	11.0	ndd	first	uninterrupted	A	1	19	
driver70	2017-01-14 14:56:00	2017-01-14 17:06:00	130.0	Driving	3.0	11.0	ndd	first	uninterrupted	A	1	19	
driver70	2017-01-14 17:06:00	2017-01-14 17:11:00	5.0	Other	3.0	11.0	ndd	first	uninterrupted	A	1	19	
driver70	2017-01-14 17:11:00	2017-01-14 17:27:00	16.0	Driving	3.0	11.0	ndd	first	uninterrupted	A	1	19	
driver70	2017-01-14 17:27:00	2017-01-14 18:13:00	46.0	Break	3.0	11.0	ndd	first	uninterrupted	B_T1	1	19	
driver70	2017-01-14 18:13:00	2017-01-14 22:29:00	256.0	Driving	3.0	11.0	ndd	second	split_1	A	1	19	
driver70	2017-01-14 22:29:00	2017-01-14 23:17:00	48.0	Break	3.0	11.0	ndd	second	split_1	B_T2	1	19	
driver70	2017-01-14 23:17:00	2017-01-14 23:20:00	3.0	Other	3.0	11.0	ndd	second	split_2	A	1	19	
driver70	2017-01-14 23:20:00	2017-01-15 01:03:00	103.0	Driving	3.0	11.0	ndd	second	split_2	A	1	19	
driver70	2017-01-15 01:03:00	2017-01-15 01:05:00	2.0	Break	3.0	11.0	ndd	second	split_2	B_T0	1	19	
driver70	2017-01-15 01:05:00	2017-01-15 01:06:00	1.0	Driving	3.0	11.0	ndd	second	split_2	A	1	19	
driver70	2017-01-15 01:06:00	2017-01-15 01:07:00	1.0	Other	3.0	11.0	ndd	second	split_2	A	1	19	
driver70	2017-01-15 01:07:00	2017-01-15 11:13:00	606.0	Break	3.0	11.0	ndd	second	split_2	DR_T2	1	19	
driver73	2017-10-01 13:11:00	2017-10-01 13:12:00	1.0	Other	2.0	10.0	ndd	first	uninterrupted	A	1	19	
driver73	2017-10-01 13:12:00	2017-10-01 13:24:00	12.0	Driving	2.0	10.0	ndd	first	uninterrupted	A	1	19	
driver73	2017-10-01 13:24:00	2017-10-01 13:38:00	14.0	Other	2.0	10.0	ndd	first	uninterrupted	A	1	19	
driver73	2017-10-01 13:38:00	2017-10-01 15:10:00	92.0	Break	2.0	10.0	ndd	first	uninterrupted	B_T1	1	19	
driver73	2017-10-01 15:10:00	2017-10-01 15:15:00	5.0	Other	2.0	10.0	ndd	second	split_1	A	1	19	
driver73	2017-10-01 15:15:00	2017-10-01 18:22:00	187.0	Driving	2.0	10.0	ndd	second	split_1	A	1	19	
driver73	2017-10-01 18:22:00	2017-10-01 19:12:00	50.0	Break	2.0	10.0	ndd	second	split_1	B_T2	1	19	
driver73	2017-10-01 19:12:00	2017-10-01 21:41:00	149.0	Driving	2.0	10.0	ndd	second	split_2	A	1	19	
driver73	2017-10-01 21:41:00	2017-10-01 21:43:00	2.0	Other	2.0	10.0	ndd	second	split_2	A	1	19	
driver73	2017-10-01 21:43:00	2017-11-01 08:46:00	663.0	Break	2.0	10.0	ndd	second	split_2	DR_T4	1	19	
driver75	2017-01-01 11:10:00	2017-01-01 11:11:00	1.0	Other	1.0	2.0	ndd	first	uninterrupted	A	1	19	
driver75	2017-01-01 11:11:00	2017-01-01 11:32:00	21.0	Driving	1.0	2.0	ndd	first	uninterrupted	A	1	19	
driver75	2017-01-01 11:32:00	2017-01-01 12:02:00	30.0	Other	1.0	2.0	ndd	first	uninterrupted	A	1	19	
driver75	2017-01-01 12:02:00	2017-01-01 13:48:00	106.0	Driving	1.0	2.0	ndd	first	uninterrupted	A	1	19	
driver75	2017-01-01 13:48:00	2017-01-01 14:37:00	49.0	Break	1.0	2.0	ndd	first	uninterrupted	B_T1	1	19	
driver75	2017-01-01 14:37:00	2017-01-01 17:44:00	187.0	Driving	1.0	2.0	ndd	second	split_1	A	1	19	
driver75	2017-01-01 17:44:00	2017-01-01 18:44:00	60.0	Break	1.0	2.0	ndd	second	split_1	B_T2	1	19	
driver75	2017-01-01 18:44:00	2017-01-01 22:22:00	218.0	Driving	1.0	2.0	ndd	second	split_2	A	1	19	
driver75	2017-01-01 22:22:00	2017-02-01 09:36:00	674.0	Break	1.0	2.0	ndd	second	split_2	DR_T1	1	19	
driver75	2017-02-01 09:36:00	2017-02-01 13:30:00	234.0	Driving	1.0	3.0	ndd	first	uninterrupted	A	1	19	
driver75	2017-02-01 13:30:00	2017-02-01 14:04:00	34.0	Other	1.0	3.0	ndd	first	uninterrupted	A	1	19	
driver75	2017-02-01 14:04:00	2017-02-01 14:07:00	3.0	Break	1.0	3.0	ndd	first	uninterrupted	B_T0	1	19	
driver75	2017-02-01 14:07:00	2017-02-01 14:08:00	1.0	Other	1.0	3.0	ndd	first	uninterrupted	A	1	19	
driver75	2017-02-01 14:08:00	2017-02-01 14:10:00	2.0	Break	1.0	3.0	ndd	first	uninterrupted	B_T0	1	19	
driver75	2017-02-01 14:10:00	2017-02-01 14:12:00	2.0	Other	1.0	3.0	ndd	first	uninterrupted	A	1	19	
driver75	2017-02-01 14:12:00	2017-02-01 14:15:00	3.0	Break	1.0	3.0	ndd	first	uninterrupted	B_T0	1	19	
driver75	2017-02-01 14:15:00	2017-02-01 14:18:00	3.0	Driving	1.0	3.0	ndd	first	uninterrupted	A	1	19	
driver75	2017-02-01 14:18:00	2017-02-01 15:55:00	97.0	Break	1.0	3.0	ndd	first	uninterrupted	B_T1	1	19	
driver75	2017-02-01 15:55:00	2017-02-01 15:58:00	3.0	Driving	1.0	3.0	ndd	second	split_1	A	1	19	
driver75	2017-02-01 15:58:00	2017-02-01 18:32:00	154.0	Break	1.0	3.0	ndd	second	split_1	B_T2	1	19	
driver75	2017-02-01 18:32:00	2017-02-01 20:16:00	104.0	Driving	1.0	3.0	ndd	second	split_2	A	1	19	
driver75	2017-02-01 20:16:00	2017-02-01 20:18:00	2.0	Other	1.0	3.0	ndd	second	split_2	A	1	19	
driver75	2017-02-01 20:18:00	2017-02-01 22:06:00	108.0	Driving	1.0	3.0	ndd	second	split_2	A	1	19	
driver75	2017-02-01 22:06:00	2017-03-01 08:16:00	610.0	Break	1.0	3.0	ndd	second	split_2	DR_T2	1	19	
driver75	2017-03-01 08:16:00	2017-03-01 08:24:00	8.0	Driving	1.0	4.0	ndd	first	uninterrupted	A	1	19	
driver75	2017-03-01 08:24:00	2017-03-01 08:30:00	6.0	Other	1.0	4.0	ndd	first	uninterrupted	A	1	19	
driver75	2017-03-01 08:30:00	2017-03-01 08:32:00	2.0	Driving	1.0	4.0	ndd	first	uninterrupted	A	1	19	
driver75	2017-03-01 08:32:00	2017-03-01 08:44:00	12.0	Other	1.0	4.0	ndd	first	uninterrupted	A	1	19	
driver75	2017-03-01 08:44:00	2017-03-01 08:45:00	1.0	Driving	1.0	4.0	ndd	first	uninterrupted	A	1	19	
driver75	2017-03-01 08:45:00	2017-03-01 08:47:00	2.0	Other	1.0	4.0	ndd	first	uninterrupted	A	1	19	
driver75	2017-03-01 08:47:00	2017-03-01 08:54:00	7.0	Break	1.0	4.0	ndd	first	uninterrupted	B_T0	1	19	
driver75	2017-03-01 08:54:00	2017-03-01 08:56:00	2.0	Driving	1.0	4.0	ndd	first	uninterrupted	A	1	19	
driver75	2017-03-01 08:56:00	2017-03-01 09:01:00	5.0	Other	1.0	4.0	ndd	first	uninterrupted	A	1	19	
driver75	2017-03-01 09:01:00	2017-03-01 09:51:00	50.0	Break	1.0	4.0	ndd	first	uninterrupted	B_T1	1	19	
driver75	2017-03-01 09:51:00	2017-03-01 09:55:00	4.0	Other	1.0	4.0	ndd	second	split_1	A	1	19	
driver75	2017-03-01 09:55:00	2017-03-01 10:05:00	10.0	Driving	1.0	4.0	ndd	second	split_1	A	1	19	
driver75	2017-03-01 10:05:00	2017-03-01 10:29:00	24.0	Break	1.0	4.0	ndd	second	split_1	B_T2	1	19	
driver75	2017-03-01 10:29:00	2017-03-01 10:33:00	4.0	Driving	1.0	4.0	ndd	second	split_2	A	1	19	
driver75	2017-03-01 10:33:00	2017-03-01 10:34:00	1.0	Other	1.0	4.0	ndd	second	split_2	A	1	19	
driver75	2017-03-01 10:34:00	2017-05-01 13:09:00	3035.0	Break	1.0	4.0	ndd	second	split_2	WR_T1	1	19	
driver75	2017-05-01 13:09:00	2017-05-01 13:10:00	1.0	Other	2.0	5.0	ndd	first	uninterrupted	A	1	19	
driver75	2017-05-01 13:10:00	2017-05-01 13:11:00	1.0	Driving	2.0	5.0	ndd	first	uninterrupted	A	1	19	
driver75	2017-05-01 13:11:00	2017-05-01 13:17:00	6.0	Other	2.0	5.0	ndd	first	uninterrupted	A	1	19	
driver75	2017-05-01 13:17:00	2017-05-01 16:26:00	189.0	Driving	2.0	5.0	ndd	first	uninterrupted	A	1	19	
driver75	2017-05-01 16:26:00	2017-05-01 16:36:00	10.0	Other	2.0	5.0	ndd	first	uninterrupted	A	1	19	
driver75	2017-05-01 16:36:00	2017-05-01 16:37:00	1.0	Break	2.0	5.0	ndd	first	uninterrupted	B_T0	1	19	
driver75	2017-05-01 16:37:00	2017-05-01 16:40:00	3.0	Driving	2.0	5.0	ndd	first	uninterrupted	A	1	19	
driver75	2017-05-01 16:40:00	2017-05-01 18:26:00	106.0	Break	2.0	5.0	ndd	first	uninterrupted	B_T1	1	19	
driver75	2017-05-01 18:26:00	2017-05-01 18:31:00	5.0	Driving	2.0	5.0	ndd	second	split_1	A	1	19	
driver75	2017-05-01 18:31:00	2017-05-01 20:21:00	110.0	Break	2.0	5.0	ndd	second	split_1	B_T2	1	19	
driver75	2017-05-01 20:21:00	2017-05-01 22:10:00	109.0	Driving	2.0	5.0	ndd	second	split_2	A	1	19	
driver75	2017-05-01 22:10:00	2017-06-01 07:35:00	565.0	Break	2.0	5.0	ndd	second	split_2	DR_T2	1	19	
driver75	2017-09-01 08:22:00	2017-09-01 08:24:00	2.0	Driving	2.0	9.0	ndd	first	uninterrupted	A	1	19	
driver75	2017-09-01 08:24:00	2017-09-01 08:32:00	8.0	Break	2.0	9.0	ndd	first	uninterrupted	B_T0	1	19	
driver75	2017-09-01 08:32:00	2017-09-01 08:34:00	2.0	Driving	2.0	9.0	ndd	first	uninterrupted	A	1	19	
driver75	2017-09-01 08:34:00	2017-09-01 08:41:00	7.0	Other	2.0	9.0	ndd	first	uninterrupted	A	1	19	
driver75	2017-09-01 08:41:00	2017-09-01 08:42:00	1.0	Driving	2.0	9.0	ndd	first	uninterrupted	A	1	19	
driver75	2017-09-01 08:42:00	2017-09-01 09:35:00	53.0	Other	2.0	9.0	ndd	first	uninterrupted	A	1	19	
driver75	2017-09-01 09:35:00	2017-09-01 10:26:00	51.0	Break	2.0	9.0	ndd	first	uninterrupted	B_T1	1	19	
driver75	2017-09-01 10:26:00	2017-09-01 10:33:00	7.0	Other	2.0	9.0	ndd	second	split_1	A	1	19	
driver75	2017-09-01 10:33:00	2017-09-01 10:34:00	1.0	Driving	2.0	9.0	ndd	second	split_1	A	1	19	
driver75	2017-09-01 10:34:00	2017-09-01 10:56:00	22.0	Break	2.0	9.0	ndd	second	split_1	B_T2	1	19	
driver75	2017-09-01 10:56:00	2017-09-01 10:59:00	3.0	Driving	2.0	9.0	ndd	second	split_2	A	1	19	
driver75	2017-09-01 10:59:00	2017-10-01 12:35:00	1536.0	Break	2.0	9.0	ndd	second	split_2	WR_T2	1	19	
driver85	2017-03-01 07:29:00	2017-03-01 07:30:00	1.0	Driving	1.0	2.0	ndd	first	uninterrupted	A	1	19	
driver85	2017-03-01 07:30:00	2017-03-01 07:34:00	4.0	Other	1.0	2.0	ndd	first	uninterrupted	A	1	19	
driver85	2017-03-01 07:34:00	2017-03-01 07:37:00	3.0	Driving	1.0	2.0	ndd	first	uninterrupted	A	1	19	
driver85	2017-03-01 07:37:00	2017-03-01 08:07:00	30.0	Other	1.0	2.0	ndd	first	uninterrupted	A	1	19	
driver85	2017-03-01 08:07:00	2017-03-01 08:10:00	3.0	Driving	1.0	2.0	ndd	first	uninterrupted	A	1	19	
driver85	2017-03-01 08:10:00	2017-03-01 09:55:00	105.0	Break	1.0	2.0	ndd	first	uninterrupted	B_T1	1	19	
driver85	2017-03-01 09:57:00	2017-03-01 10:47:00	50.0	Break	1.0	2.0	ndd	second	split_1	B_T2	1	19	
driver85	2017-03-01 10:49:00	2017-03-01 16:44:00	355.0	Break	1.0	2.0	ndd	second	split_2	DR_T3	1	19	
driver88	2017-10-01 10:28:00	2017-10-01 10:29:00	1.0	Other	3.0	5.0	ndd	first	uninterrupted	A	1	19	
driver88	2017-10-01 10:29:00	2017-10-01 11:29:00	60.0	Driving	3.0	5.0	ndd	first	uninterrupted	A	1	19	
driver88	2017-10-01 11:29:00	2017-10-01 11:52:00	23.0	Other	3.0	5.0	ndd	first	uninterrupted	A	1	19	
driver88	2017-10-01 11:52:00	2017-10-01 11:54:00	2.0	Driving	3.0	5.0	ndd	first	uninterrupted	A	1	19	
driver88	2017-10-01 11:54:00	2017-10-01 11:55:00	1.0	Break	3.0	5.0	ndd	first	uninterrupted	B_T0	1	19	
driver88	2017-10-01 11:55:00	2017-10-01 12:23:00	28.0	Other	3.0	5.0	ndd	first	uninterrupted	A	1	19	
driver88	2017-10-01 12:23:00	2017-10-01 12:54:00	31.0	Driving	3.0	5.0	ndd	first	uninterrupted	A	1	19	
driver88	2017-10-01 12:54:00	2017-10-01 13:12:00	18.0	Other	3.0	5.0	ndd	first	uninterrupted	A	1	19	
driver88	2017-10-01 13:12:00	2017-10-01 15:29:00	137.0	Driving	3.0	5.0	ndd	first	uninterrupted	A	1	19	
driver88	2017-10-01 15:29:00	2017-10-01 16:19:00	50.0	Break	3.0	5.0	ndd	first	uninterrupted	B_T1	1	19	
driver88	2017-10-01 16:19:00	2017-10-01 20:02:00	223.0	Driving	3.0	5.0	ndd	second	split_1	A	1	19	
driver88	2017-10-01 20:02:00	2017-10-01 20:48:00	46.0	Break	3.0	5.0	ndd	second	split_1	B_T2	1	19	
driver88	2017-10-01 20:48:00	2017-10-01 21:52:00	64.0	Driving	3.0	5.0	ndd	second	split_2	A	1	19	
driver88	2017-10-01 21:52:00	2017-10-01 21:54:00	2.0	Other	3.0	5.0	ndd	second	split_2	A	1	19	
driver88	2017-10-01 21:54:00	2017-11-01 08:56:00	662.0	Break	3.0	5.0	ndd	second	split_2	DR_T1	1	19	
driver90	2017-06-01 15:18:00	2017-06-01 15:36:00	18.0	Driving	1.0	4.0	ndd	first	uninterrupted	A	1	19	
driver90	2017-06-01 15:36:00	2017-06-01 17:17:00	101.0	Break	1.0	4.0	ndd	first	uninterrupted	B_T1	1	19	
driver90	2017-06-01 18:16:00	2017-06-01 19:33:00	77.0	Break	1.0	4.0	ndd	second	split_1	B_T2	1	19	
driver90	2017-07-01 01:54:00	2017-07-01 02:04:00	10.0	Break	1.0	4.0	ndd	second	split_2	B_T0	1	19	
driver90	2017-07-01 03:48:00	2017-07-01 13:45:00	597.0	Break	1.0	4.0	ndd	second	split_2	DR_T2	1	19	
driver90	2017-10-01 13:26:00	2017-10-01 14:55:00	89.0	Driving	2.0	7.0	ndd	first	uninterrupted	A	1	19	
driver90	2017-10-01 14:55:00	2017-10-01 15:02:00	7.0	Break	2.0	7.0	ndd	first	uninterrupted	B_T0	1	19	
driver90	2017-10-01 15:02:00	2017-10-01 15:03:00	1.0	Driving	2.0	7.0	ndd	first	uninterrupted	A	1	19	
driver90	2017-10-01 15:03:00	2017-10-01 15:05:00	2.0	Other	2.0	7.0	ndd	first	uninterrupted	A	1	19	
driver90	2017-10-01 15:05:00	2017-10-01 16:11:00	66.0	Break	2.0	7.0	ndd	first	uninterrupted	B_T1	1	19	
driver90	2017-10-01 16:11:00	2017-10-01 16:42:00	31.0	Driving	2.0	7.0	ndd	second	split_1	A	1	19	
driver90	2017-10-01 19:55:00	2017-10-01 20:55:00	60.0	Break	2.0	7.0	ndd	second	split_1	B_T2	1	19	
driver90	2017-10-01 23:30:00	2017-11-01 14:02:00	872.0	Break	2.0	7.0	ndd	second	split_2	DR_T1	1	19	
driver90	2017-01-13 07:34:00	2017-01-13 08:21:00	47.0	Other	2.0	10.0	ndd	first	uninterrupted	A	1	19	
driver90	2017-01-13 08:21:00	2017-01-13 08:22:00	1.0	Driving	2.0	10.0	ndd	first	uninterrupted	A	1	19	
driver90	2017-01-13 08:22:00	2017-01-13 08:55:00	33.0	Other	2.0	10.0	ndd	first	uninterrupted	A	1	19	
driver90	2017-01-13 08:55:00	2017-01-13 10:18:00	83.0	Break	2.0	10.0	ndd	first	uninterrupted	B_T1	1	19	
driver90	2017-01-13 10:21:00	2017-01-13 11:22:00	61.0	Break	2.0	10.0	ndd	second	split_1	B_T2	1	19	
driver90	2017-01-13 14:45:00	2017-01-14 00:07:00	562.0	Break	2.0	10.0	ndd	second	split_2	DR_T2	1	19	
driver91	2017-02-01 06:11:00	2017-02-01 08:06:00	115.0	Driving	1.0	2.0	ndd	first	uninterrupted	A	1	19	
driver91	2017-02-01 08:06:00	2017-02-01 08:09:00	3.0	Other	1.0	2.0	ndd	first	uninterrupted	A	1	19	
driver91	2017-02-01 08:09:00	2017-02-01 09:23:00	74.0	Driving	1.0	2.0	ndd	first	uninterrupted	A	1	19	
driver91	2017-02-01 09:23:00	2017-02-01 10:23:00	60.0	Break	1.0	2.0	ndd	first	uninterrupted	B_T1	1	19	
driver91	2017-02-01 10:23:00	2017-02-01 11:46:00	83.0	Driving	1.0	2.0	ndd	second	split_1	A	1	19	
driver91	2017-02-01 11:46:00	2017-02-01 12:02:00	16.0	Break	1.0	2.0	ndd	second	split_1	B_T2	1	19	
driver91	2017-02-01 12:02:00	2017-02-01 12:03:00	1.0	Driving	1.0	2.0	ndd	second	split_2	A	1	19	
driver91	2017-02-01 12:03:00	2017-02-01 15:49:00	226.0	Break	1.0	2.0	ndd	second	split_2	DR_T3	1	19	
driver94	2017-01-14 09:01:00	2017-01-14 09:15:00	14.0	Driving	4.0	11.0	ndd	first	uninterrupted	A	1	19	
driver94	2017-01-14 09:15:00	2017-01-14 09:21:00	6.0	Break	4.0	11.0	ndd	first	uninterrupted	B_T0	1	19	
driver94	2017-01-14 09:21:00	2017-01-14 09:31:00	10.0	Other	4.0	11.0	ndd	first	uninterrupted	A	1	19	
driver94	2017-01-14 09:31:00	2017-01-14 09:58:00	27.0	Driving	4.0	11.0	ndd	first	uninterrupted	A	1	19	
driver94	2017-01-14 09:58:00	2017-01-14 10:00:00	2.0	Other	4.0	11.0	ndd	first	uninterrupted	A	1	19	
driver94	2017-01-14 10:00:00	2017-01-14 12:45:00	165.0	Driving	4.0	11.0	ndd	first	uninterrupted	A	1	19	
driver94	2017-01-14 12:45:00	2017-01-14 13:54:00	69.0	Break	4.0	11.0	ndd	first	uninterrupted	B_T1	1	19	
driver94	2017-01-14 13:54:00	2017-01-14 13:55:00	1.0	Other	4.0	11.0	ndd	second	split_1	A	1	19	
driver94	2017-01-14 13:55:00	2017-01-14 14:47:00	52.0	Driving	4.0	11.0	ndd	second	split_1	A	1	19	
driver94	2017-01-14 14:47:00	2017-01-14 14:56:00	9.0	Break	4.0	11.0	ndd	second	split_1	B_T0	1	19	
driver94	2017-01-14 14:56:00	2017-01-14 18:12:00	196.0	Driving	4.0	11.0	ndd	second	split_1	A	1	19	
driver94	2017-01-14 18:12:00	2017-01-14 19:01:00	49.0	Break	4.0	11.0	ndd	second	split_1	B_T2	1	19	
driver94	2017-01-14 19:01:00	2017-01-14 21:08:00	127.0	Driving	4.0	11.0	ndd	second	split_2	A	1	19	
driver94	2017-01-14 21:08:00	2017-01-15 08:16:00	668.0	Break	4.0	11.0	ndd	second	split_2	DR_T1	1	19	
driver96	2017-07-01 09:55:00	2017-07-01 10:29:00	34.0	Driving	1.0	6.0	ndd	first	uninterrupted	A	1	19	
driver96	2017-07-01 10:29:00	2017-07-01 10:31:00	2.0	Other	1.0	6.0	ndd	first	uninterrupted	A	1	19	
driver96	2017-07-01 10:31:00	2017-07-01 11:35:00	64.0	Driving	1.0	6.0	ndd	first	uninterrupted	A	1	19	
driver96	2017-07-01 11:35:00	2017-07-01 11:41:00	6.0	Break	1.0	6.0	ndd	first	uninterrupted	B_T0	1	19	
driver96	2017-07-01 11:41:00	2017-07-01 14:13:00	152.0	Driving	1.0	6.0	ndd	first	uninterrupted	A	1	19	
driver96	2017-07-01 14:13:00	2017-07-01 15:02:00	49.0	Break	1.0	6.0	ndd	first	uninterrupted	B_T1	1	19	
driver96	2017-07-01 15:02:00	2017-07-01 18:00:00	178.0	Driving	1.0	6.0	ndd	second	split_1	A	1	19	
driver96	2017-07-01 18:00:00	2017-07-01 18:21:00	21.0	Break	1.0	6.0	ndd	second	split_1	B_T2	1	19	
driver96	2017-07-01 18:21:00	2017-07-01 18:53:00	32.0	Driving	1.0	6.0	ndd	second	split_2	A	1	19	
driver96	2017-07-01 18:53:00	2017-08-01 07:27:00	754.0	Break	1.0	6.0	ndd	second	split_2	DR_T1	1	19	
driver101	2017-12-01 07:46:00	2017-12-01 07:58:00	12.0	Driving	3.0	7.0	ndd	first	uninterrupted	A	1	19	
driver101	2017-12-01 07:58:00	2017-12-01 08:00:00	2.0	Break	3.0	7.0	ndd	first	uninterrupted	B_T0	1	19	
driver101	2017-12-01 08:00:00	2017-12-01 08:06:00	6.0	Driving	3.0	7.0	ndd	first	uninterrupted	A	1	19	
driver101	2017-12-01 08:06:00	2017-12-01 08:07:00	1.0	Other	3.0	7.0	ndd	first	uninterrupted	A	1	19	
driver101	2017-12-01 08:07:00	2017-12-01 08:16:00	9.0	Break	3.0	7.0	ndd	first	uninterrupted	B_T0	1	19	
driver101	2017-12-01 08:16:00	2017-12-01 08:20:00	4.0	Driving	3.0	7.0	ndd	first	uninterrupted	A	1	19	
driver101	2017-12-01 08:20:00	2017-12-01 08:22:00	2.0	Other	3.0	7.0	ndd	first	uninterrupted	A	1	19	
driver101	2017-12-01 08:22:00	2017-12-01 08:24:00	2.0	Driving	3.0	7.0	ndd	first	uninterrupted	A	1	19	
driver101	2017-12-01 08:24:00	2017-12-01 08:27:00	3.0	Other	3.0	7.0	ndd	first	uninterrupted	A	1	19	
driver101	2017-12-01 08:27:00	2017-12-01 09:18:00	51.0	Break	3.0	7.0	ndd	first	uninterrupted	B_T1	1	19	
driver101	2017-12-01 09:18:00	2017-12-01 09:23:00	5.0	Other	3.0	7.0	ndd	second	split_1	A	1	19	
driver101	2017-12-01 09:23:00	2017-12-01 12:41:00	198.0	Driving	3.0	7.0	ndd	second	split_1	A	1	19	
driver101	2017-12-01 12:41:00	2017-12-01 12:49:00	8.0	Break	3.0	7.0	ndd	second	split_1	B_T0	1	19	
driver101	2017-12-01 12:49:00	2017-12-01 12:56:00	7.0	Driving	3.0	7.0	ndd	second	split_1	A	1	19	
driver101	2017-12-01 12:56:00	2017-12-01 12:59:00	3.0	Break	3.0	7.0	ndd	second	split_1	B_T0	1	19	
driver101	2017-12-01 12:59:00	2017-12-01 13:08:00	9.0	Driving	3.0	7.0	ndd	second	split_1	A	1	19	
driver101	2017-12-01 13:08:00	2017-12-01 13:10:00	2.0	Other	3.0	7.0	ndd	second	split_1	A	1	19	
driver101	2017-12-01 13:10:00	2017-12-01 13:13:00	3.0	Driving	3.0	7.0	ndd	second	split_1	A	1	19	
driver101	2017-12-01 13:13:00	2017-12-01 14:34:00	81.0	Break	3.0	7.0	ndd	second	split_1	B_T2	1	19	
driver101	2017-12-01 14:34:00	2017-12-01 14:35:00	1.0	Driving	3.0	7.0	ndd	second	split_2	A	1	19	
driver101	2017-12-01 14:35:00	2017-12-01 14:37:00	2.0	Other	3.0	7.0	ndd	second	split_2	A	1	19	
driver101	2017-12-01 14:37:00	2017-12-01 14:38:00	1.0	Break	3.0	7.0	ndd	second	split_2	B_T0	1	19	
driver101	2017-12-01 14:38:00	2017-12-01 14:45:00	7.0	Driving	3.0	7.0	ndd	second	split_2	A	1	19	
driver101	2017-12-01 14:45:00	2017-01-13 10:59:00	1214.0	Break	3.0	7.0	ndd	second	split_2	DR_T1	1	19	
driver104	2017-10-01 09:15:00	2017-10-01 09:16:00	1.0	Other	2.0	6.0	ndd	first	uninterrupted	A	1	19	
driver104	2017-10-01 09:16:00	2017-10-01 09:21:00	5.0	Driving	2.0	6.0	ndd	first	uninterrupted	A	1	19	
driver104	2017-10-01 09:21:00	2017-10-01 09:24:00	3.0	Other	2.0	6.0	ndd	first	uninterrupted	A	1	19	
driver104	2017-10-01 09:24:00	2017-10-01 09:25:00	1.0	Driving	2.0	6.0	ndd	first	uninterrupted	A	1	19	
driver104	2017-10-01 09:25:00	2017-10-01 11:24:00	119.0	Break	2.0	6.0	ndd	first	uninterrupted	B_T1	1	19	
driver104	2017-10-01 11:24:00	2017-10-01 11:28:00	4.0	Other	2.0	6.0	ndd	second	split_1	A	1	19	
driver104	2017-10-01 11:28:00	2017-10-01 11:29:00	1.0	Driving	2.0	6.0	ndd	second	split_1	A	1	19	
driver104	2017-10-01 11:29:00	2017-10-01 13:37:00	128.0	Break	2.0	6.0	ndd	second	split_1	B_T2	1	19	
driver104	2017-10-01 13:37:00	2017-10-01 13:42:00	5.0	Other	2.0	6.0	ndd	second	split_2	A	1	19	
driver104	2017-10-01 13:42:00	2017-10-01 19:17:00	335.0	Break	2.0	6.0	ndd	second	split_2	DR_T3	1	19	
driver105	2017-08-01 21:45:00	2017-08-01 21:46:00	1.0	Other	2.0	7.0	ndd	first	uninterrupted	A	1	19	
driver105	2017-08-01 21:46:00	2017-08-01 22:00:00	14.0	Driving	2.0	7.0	ndd	first	uninterrupted	A	1	19	
driver105	2017-08-01 22:00:00	2017-08-01 22:10:00	10.0	Other	2.0	7.0	ndd	first	uninterrupted	A	1	19	
driver105	2017-08-01 22:10:00	2017-08-01 22:20:00	10.0	Driving	2.0	7.0	ndd	first	uninterrupted	A	1	19	
driver105	2017-08-01 22:20:00	2017-08-01 22:25:00	5.0	Other	2.0	7.0	ndd	first	uninterrupted	A	1	19	
driver105	2017-08-01 22:25:00	2017-08-01 22:29:00	4.0	Driving	2.0	7.0	ndd	first	uninterrupted	A	1	19	
driver105	2017-08-01 22:29:00	2017-08-01 22:31:00	2.0	Other	2.0	7.0	ndd	first	uninterrupted	A	1	19	
driver105	2017-08-01 22:31:00	2017-08-01 22:46:00	15.0	Driving	2.0	7.0	ndd	first	uninterrupted	A	1	19	
driver105	2017-08-01 22:46:00	2017-08-01 22:59:00	13.0	Break	2.0	7.0	ndd	first	uninterrupted	B_T0	1	19	
driver105	2017-08-01 22:59:00	2017-09-01 02:42:00	223.0	Driving	2.0	7.0	ndd	first	uninterrupted	A	1	19	
driver105	2017-09-01 02:45:00	2017-09-01 07:17:00	272.0	Idle	2.0	7.0	ndd	first	uninterrupted	I	1	19	
driver105	2017-09-01 07:19:00	2017-09-01 07:20:00	1.0	Break	2.0	7.0	ndd	first	uninterrupted	B_T0	1	19	
driver105	2017-09-01 07:20:00	2017-09-01 08:33:00	73.0	Driving	2.0	7.0	ndd	first	uninterrupted	A	1	19	
driver105	2017-09-01 08:33:00	2017-09-01 08:35:00	2.0	Other	2.0	7.0	ndd	first	uninterrupted	A	1	19	
driver105	2017-09-01 08:35:00	2017-09-01 11:31:00	176.0	Driving	2.0	7.0	ndd	first	uninterrupted	A	1	19	
driver105	2017-09-01 11:35:00	2017-09-01 12:08:00	33.0	Idle	2.0	7.0	ndd	first	uninterrupted	I	1	19	
driver105	2017-09-01 12:08:00	2017-09-01 12:13:00	5.0	Break	2.0	7.0	ndd	first	uninterrupted	B_T0	1	19	
driver105	2017-09-01 12:13:00	2017-09-01 12:39:00	26.0	Idle	2.0	7.0	ndd	first	uninterrupted	I	1	19	
driver105	2017-09-01 12:39:00	2017-09-01 13:42:00	63.0	Break	2.0	7.0	ndd	first	uninterrupted	B_T1	1	19	
driver105	2017-09-01 13:42:00	2017-09-01 15:33:00	111.0	Idle	2.0	7.0	ndd	second	split_1	I	1	19	
driver105	2017-09-01 15:33:00	2017-09-01 15:36:00	3.0	Break	2.0	7.0	ndd	second	split_1	B_T0	1	19	
driver105	2017-09-01 15:36:00	2017-09-01 15:38:00	2.0	Idle	2.0	7.0	ndd	second	split_1	I	1	19	
driver105	2017-09-01 15:38:00	2017-09-01 15:46:00	8.0	Break	2.0	7.0	ndd	second	split_1	B_T0	1	19	
driver105	2017-09-01 15:46:00	2017-09-01 17:23:00	97.0	Idle	2.0	7.0	ndd	second	split_1	I	1	19	
driver105	2017-09-01 17:23:00	2017-09-01 17:40:00	17.0	Break	2.0	7.0	ndd	second	split_1	B_T2	1	19	
driver105	2017-09-01 17:40:00	2017-09-01 17:45:00	5.0	Idle	2.0	7.0	ndd	second	split_2	I	1	19	
driver105	2017-09-01 17:45:00	2017-10-01 03:17:00	572.0	Break	2.0	7.0	ndd	second	split_2	DR_T2	1	19	
driver107	2017-02-01 19:15:00	2017-02-01 19:45:00	30.0	Driving	1.0	1.0	ndd	first	uninterrupted	A	1	19	
driver107	2017-02-01 19:45:00	2017-02-01 19:50:00	5.0	Other	1.0	1.0	ndd	first	uninterrupted	A	1	19	
driver107	2017-02-01 19:50:00	2017-02-01 19:53:00	3.0	Driving	1.0	1.0	ndd	first	uninterrupted	A	1	19	
driver107	2017-02-01 19:53:00	2017-02-01 19:55:00	2.0	Other	1.0	1.0	ndd	first	uninterrupted	A	1	19	
driver107	2017-02-01 19:55:00	2017-02-01 19:56:00	1.0	Driving	1.0	1.0	ndd	first	uninterrupted	A	1	19	
driver107	2017-02-01 19:56:00	2017-02-01 20:44:00	48.0	Break	1.0	1.0	ndd	first	uninterrupted	B_T1	1	19	
driver107	2017-02-01 20:44:00	2017-02-01 20:47:00	3.0	Other	1.0	1.0	ndd	second	split_1	A	1	19	
driver107	2017-02-01 20:47:00	2017-02-01 20:48:00	1.0	Driving	1.0	1.0	ndd	second	split_1	A	1	19	
driver107	2017-02-01 20:48:00	2017-02-01 20:49:00	1.0	Break	1.0	1.0	ndd	second	split_1	B_T0	1	19	
driver107	2017-02-01 20:53:00	2017-02-01 21:30:00	37.0	Break	1.0	1.0	ndd	second	split_1	B_T2	1	19	
driver107	2017-02-01 21:30:00	2017-03-01 01:36:00	246.0	Idle	1.0	1.0	ndd	second	split_2	I	1	19	
driver107	2017-03-01 01:36:00	2017-03-01 01:37:00	1.0	Break	1.0	1.0	ndd	second	split_2	B_T0	1	19	
driver107	2017-03-01 01:39:00	2017-03-01 01:43:00	4.0	Break	1.0	1.0	ndd	second	split_2	B_T0	1	19	
driver107	2017-03-01 01:43:00	2017-03-01 05:53:00	250.0	Driving	1.0	1.0	ndd	second	split_2	A	1	19	
driver107	2017-03-01 05:57:00	2017-03-01 06:00:00	3.0	Break	1.0	1.0	ndd	second	split_2	B_T0	1	19	
driver107	2017-03-01 06:00:00	2017-03-01 06:30:00	30.0	Idle	1.0	1.0	ndd	second	split_2	I	1	19	
driver107	2017-03-01 06:30:00	2017-03-01 15:32:00	542.0	Break	1.0	1.0	ndd	second	split_2	DR_T2	1	19	
driver118	2017-06-01 14:19:00	2017-06-01 15:56:00	97.0	Driving	1.0	7.0	ndd	first	uninterrupted	A	1	19	
driver118	2017-06-01 15:56:00	2017-06-01 16:02:00	6.0	Break	1.0	7.0	ndd	first	uninterrupted	B_T0	1	19	
driver118	2017-06-01 16:02:00	2017-06-01 16:06:00	4.0	Driving	1.0	7.0	ndd	first	uninterrupted	A	1	19	
driver118	2017-06-01 16:06:00	2017-06-01 16:08:00	2.0	Break	1.0	7.0	ndd	first	uninterrupted	B_T0	1	19	
driver118	2017-06-01 16:08:00	2017-06-01 16:09:00	1.0	Driving	1.0	7.0	ndd	first	uninterrupted	A	1	19	
driver118	2017-06-01 16:09:00	2017-06-01 16:11:00	2.0	Break	1.0	7.0	ndd	first	uninterrupted	B_T0	1	19	
driver118	2017-06-01 16:11:00	2017-06-01 16:16:00	5.0	Driving	1.0	7.0	ndd	first	uninterrupted	A	1	19	
driver118	2017-06-01 16:16:00	2017-06-01 16:19:00	3.0	Break	1.0	7.0	ndd	first	uninterrupted	B_T0	1	19	
driver118	2017-06-01 16:19:00	2017-06-01 16:20:00	1.0	Driving	1.0	7.0	ndd	first	uninterrupted	A	1	19	
driver118	2017-06-01 16:20:00	2017-06-01 16:23:00	3.0	Break	1.0	7.0	ndd	first	uninterrupted	B_T0	1	19	
driver118	2017-06-01 16:23:00	2017-06-01 17:24:00	61.0	Driving	1.0	7.0	ndd	first	uninterrupted	A	1	19	
driver118	2017-06-01 17:24:00	2017-06-01 17:26:00	2.0	Other	1.0	7.0	ndd	first	uninterrupted	A	1	19	
driver118	2017-06-01 17:26:00	2017-06-01 17:55:00	29.0	Driving	1.0	7.0	ndd	first	uninterrupted	A	1	19	
driver118	2017-06-01 17:55:00	2017-06-01 18:01:00	6.0	Other	1.0	7.0	ndd	first	uninterrupted	A	1	19	
driver118	2017-06-01 18:01:00	2017-06-01 18:03:00	2.0	Break	1.0	7.0	ndd	first	uninterrupted	B_T0	1	19	
driver118	2017-06-01 18:03:00	2017-06-01 18:05:00	2.0	Driving	1.0	7.0	ndd	first	uninterrupted	A	1	19	
driver118	2017-06-01 18:05:00	2017-06-01 19:10:00	65.0	Break	1.0	7.0	ndd	first	uninterrupted	B_T1	1	19	
driver118	2017-06-01 19:10:00	2017-06-01 19:12:00	2.0	Driving	1.0	7.0	ndd	second	split_1	A	1	19	
driver118	2017-06-01 19:12:00	2017-06-01 21:03:00	111.0	Break	1.0	7.0	ndd	second	split_1	B_T2	1	19	
driver118	2017-06-01 21:03:00	2017-07-01 00:07:00	184.0	Driving	1.0	7.0	ndd	second	split_2	A	1	19	
driver118	2017-07-01 00:07:00	2017-07-01 11:35:00	688.0	Break	1.0	7.0	ndd	second	split_2	DR_T4	1	19	
driver144	2017-07-01 02:00:00	2017-07-01 02:01:00	1.0	Driving	3.0	6.0	ndd	first	uninterrupted	A	1	19	
driver144	2017-07-01 02:01:00	2017-07-01 02:08:00	7.0	Other	3.0	6.0	ndd	first	uninterrupted	A	1	19	
driver144	2017-07-01 02:08:00	2017-07-01 06:24:00	256.0	Driving	3.0	6.0	ndd	first	uninterrupted	A	1	19	
driver144	2017-07-01 06:24:00	2017-07-01 06:27:00	3.0	Break	3.0	6.0	ndd	first	uninterrupted	B_T0	1	19	
driver144	2017-07-01 06:27:00	2017-07-01 06:43:00	16.0	Other	3.0	6.0	ndd	first	uninterrupted	A	1	19	
driver144	2017-07-01 06:43:00	2017-07-01 06:46:00	3.0	Driving	3.0	6.0	ndd	first	uninterrupted	A	1	19	
driver144	2017-07-01 06:46:00	2017-07-01 06:48:00	2.0	Other	3.0	6.0	ndd	first	uninterrupted	A	1	19	
driver144	2017-07-01 06:48:00	2017-07-01 07:34:00	46.0	Break	3.0	6.0	ndd	first	uninterrupted	B_T1	1	19	
driver144	2017-07-01 07:34:00	2017-07-01 11:52:00	258.0	Driving	3.0	6.0	ndd	second	split_1	A	1	19	
driver144	2017-07-01 11:52:00	2017-07-01 11:54:00	2.0	Other	3.0	6.0	ndd	second	split_1	A	1	19	
driver144	2017-07-01 11:54:00	2017-07-01 11:55:00	1.0	Driving	3.0	6.0	ndd	second	split_1	A	1	19	
driver144	2017-07-01 11:55:00	2017-07-01 12:40:00	45.0	Break	3.0	6.0	ndd	second	split_1	B_T2	1	19	
driver144	2017-07-01 12:40:00	2017-07-01 12:45:00	5.0	Driving	3.0	6.0	ndd	second	split_2	A	1	19	
driver144	2017-07-01 12:45:00	2017-08-01 13:51:00	1506.0	Break	3.0	6.0	ndd	second	split_2	WR_T2	1	19	
driver147	2017-01-01 02:05:00	2017-01-01 02:07:00	2.0	Other	1.0	1.0	ndd	first	uninterrupted	A	1	19	
driver147	2017-01-01 02:07:00	2017-01-01 02:08:00	1.0	Driving	1.0	1.0	ndd	first	uninterrupted	A	1	19	
driver147	2017-01-01 02:08:00	2017-01-01 02:11:00	3.0	Other	1.0	1.0	ndd	first	uninterrupted	A	1	19	
driver147	2017-01-01 02:11:00	2017-01-01 02:30:00	19.0	Driving	1.0	1.0	ndd	first	uninterrupted	A	1	19	
driver147	2017-01-01 02:30:00	2017-01-01 03:17:00	47.0	Break	1.0	1.0	ndd	first	uninterrupted	B_T1	1	19	
driver147	2017-01-01 03:17:00	2017-01-01 04:15:00	58.0	Driving	1.0	1.0	ndd	second	split_1	A	1	19	
driver147	2017-01-01 04:15:00	2017-01-01 04:36:00	21.0	Break	1.0	1.0	ndd	second	split_1	B_T2	1	19	
driver147	2017-01-01 04:36:00	2017-01-01 06:03:00	87.0	Driving	1.0	1.0	ndd	second	split_2	A	1	19	
driver147	2017-01-01 06:03:00	2017-01-01 06:07:00	4.0	Break	1.0	1.0	ndd	second	split_2	B_T0	1	19	
driver147	2017-01-01 06:07:00	2017-01-01 06:08:00	1.0	Driving	1.0	1.0	ndd	second	split_2	A	1	19	
driver147	2017-01-01 06:08:00	2017-02-01 06:09:00	1441.0	Break	1.0	1.0	ndd	second	split_2	WR_T2	1	19	
driver150	2017-01-01 17:02:00	2017-01-01 17:03:00	1.0	Driving	1.0	1.0	ndd	first	uninterrupted	A	1	19	
driver150	2017-01-01 17:03:00	2017-01-01 17:07:00	4.0	Other	1.0	1.0	ndd	first	uninterrupted	A	1	19	
driver150	2017-01-01 17:07:00	2017-01-01 17:11:00	4.0	Driving	1.0	1.0	ndd	first	uninterrupted	A	1	19	
driver150	2017-01-01 17:11:00	2017-01-01 19:11:00	120.0	Break	1.0	1.0	ndd	first	uninterrupted	B_T1	1	19	
driver150	2017-01-01 19:11:00	2017-01-01 19:13:00	2.0	Other	1.0	1.0	ndd	second	split_1	A	1	19	
driver150	2017-01-01 19:13:00	2017-01-01 19:20:00	7.0	Driving	1.0	1.0	ndd	second	split_1	A	1	19	
driver150	2017-01-01 19:20:00	2017-01-01 19:40:00	20.0	Other	1.0	1.0	ndd	second	split_1	A	1	19	
driver150	2017-01-01 19:40:00	2017-01-01 21:20:00	100.0	Break	1.0	1.0	ndd	second	split_1	B_T2	1	19	
driver150	2017-01-01 21:20:00	2017-01-01 21:28:00	8.0	Driving	1.0	1.0	ndd	second	split_2	A	1	19	
driver150	2017-01-01 21:28:00	2017-02-01 22:01:00	1473.0	Break	1.0	1.0	ndd	second	split_2	WR_T2	1	19	
driver151	2017-01-13 16:28:00	2017-01-13 19:19:00	171.0	Driving	3.0	11.0	ndd	first	uninterrupted	A	1	19	
driver151	2017-01-13 19:19:00	2017-01-13 19:20:00	1.0	Break	3.0	11.0	ndd	first	uninterrupted	B_T0	1	19	
driver151	2017-01-13 19:20:00	2017-01-13 19:37:00	17.0	Other	3.0	11.0	ndd	first	uninterrupted	A	1	19	
driver151	2017-01-13 19:37:00	2017-01-13 19:45:00	8.0	Break	3.0	11.0	ndd	first	uninterrupted	B_T0	1	19	
driver151	2017-01-13 19:45:00	2017-01-13 19:48:00	3.0	Driving	3.0	11.0	ndd	first	uninterrupted	A	1	19	
driver151	2017-01-13 19:48:00	2017-01-13 20:35:00	47.0	Break	3.0	11.0	ndd	first	uninterrupted	B_T1	1	19	
driver151	2017-01-13 20:35:00	2017-01-13 23:56:00	201.0	Driving	3.0	11.0	ndd	second	split_1	A	1	19	
driver151	2017-01-13 23:56:00	2017-01-14 00:46:00	50.0	Break	3.0	11.0	ndd	second	split_1	B_T2	1	19	
driver151	2017-01-14 00:46:00	2017-01-14 00:48:00	2.0	Other	3.0	11.0	ndd	second	split_2	A	1	19	
driver151	2017-01-14 00:48:00	2017-01-14 04:30:00	222.0	Driving	3.0	11.0	ndd	second	split_2	A	1	19	
driver151	2017-01-14 04:30:00	2017-01-14 13:33:00	543.0	Break	3.0	11.0	ndd	second	split_2	DR_T2	1	19	
driver157	2017-02-01 03:41:00	2017-02-01 04:09:00	28.0	Driving	2.0	2.0	ndd	first	uninterrupted	A	1	19	
driver157	2017-02-01 04:09:00	2017-02-01 04:19:00	10.0	Other	2.0	2.0	ndd	first	uninterrupted	A	1	19	
driver157	2017-02-01 04:19:00	2017-02-01 06:21:00	122.0	Driving	2.0	2.0	ndd	first	uninterrupted	A	1	19	
driver157	2017-02-01 06:21:00	2017-02-01 06:25:00	4.0	Other	2.0	2.0	ndd	first	uninterrupted	A	1	19	
driver157	2017-02-01 06:25:00	2017-02-01 07:18:00	53.0	Driving	2.0	2.0	ndd	first	uninterrupted	A	1	19	
driver157	2017-02-01 07:18:00	2017-02-01 07:21:00	3.0	Other	2.0	2.0	ndd	first	uninterrupted	A	1	19	
driver157	2017-02-01 07:21:00	2017-02-01 07:22:00	1.0	Driving	2.0	2.0	ndd	first	uninterrupted	A	1	19	
driver157	2017-02-01 07:22:00	2017-02-01 07:25:00	3.0	Break	2.0	2.0	ndd	first	uninterrupted	B_T0	1	19	
driver157	2017-02-01 07:25:00	2017-02-01 07:26:00	1.0	Driving	2.0	2.0	ndd	first	uninterrupted	A	1	19	
driver157	2017-02-01 07:26:00	2017-02-01 07:29:00	3.0	Break	2.0	2.0	ndd	first	uninterrupted	B_T0	1	19	
driver157	2017-02-01 07:29:00	2017-02-01 07:30:00	1.0	Driving	2.0	2.0	ndd	first	uninterrupted	A	1	19	
driver157	2017-02-01 07:30:00	2017-02-01 07:34:00	4.0	Break	2.0	2.0	ndd	first	uninterrupted	B_T0	1	19	
driver157	2017-02-01 07:34:00	2017-02-01 07:37:00	3.0	Driving	2.0	2.0	ndd	first	uninterrupted	A	1	19	
driver157	2017-02-01 07:37:00	2017-02-01 08:49:00	72.0	Break	2.0	2.0	ndd	first	uninterrupted	B_T1	1	19	
driver157	2017-02-01 08:49:00	2017-02-01 08:52:00	3.0	Driving	2.0	2.0	ndd	second	split_1	A	1	19	
driver157	2017-02-01 08:52:00	2017-02-01 11:06:00	134.0	Break	2.0	2.0	ndd	second	split_1	B_T2	1	19	
driver157	2017-02-01 11:06:00	2017-02-01 11:17:00	11.0	Driving	2.0	2.0	ndd	second	split_2	A	1	19	
driver157	2017-02-01 11:17:00	2017-02-01 15:00:00	223.0	Break	2.0	2.0	ndd	second	split_2	DR_T3	1	19	
driver162	2017-01-13 05:51:00	2017-01-13 05:53:00	2.0	Driving	3.0	10.0	ndd	first	uninterrupted	A	1	19	
driver162	2017-01-13 05:53:00	2017-01-13 06:02:00	9.0	Break	3.0	10.0	ndd	first	uninterrupted	B_T0	1	19	
driver162	2017-01-13 06:02:00	2017-01-13 06:05:00	3.0	Driving	3.0	10.0	ndd	first	uninterrupted	A	1	19	
driver162	2017-01-13 06:05:00	2017-01-13 06:08:00	3.0	Other	3.0	10.0	ndd	first	uninterrupted	A	1	19	
driver162	2017-01-13 06:08:00	2017-01-13 07:40:00	92.0	Break	3.0	10.0	ndd	first	uninterrupted	B_T1	1	19	
driver162	2017-01-13 07:40:00	2017-01-13 07:45:00	5.0	Other	3.0	10.0	ndd	second	split_1	A	1	19	
driver162	2017-01-13 07:45:00	2017-01-13 07:51:00	6.0	Driving	3.0	10.0	ndd	second	split_1	A	1	19	
driver162	2017-01-13 07:51:00	2017-01-13 09:52:00	121.0	Break	3.0	10.0	ndd	second	split_1	B_T2	1	19	
driver162	2017-01-13 09:52:00	2017-01-13 10:14:00	22.0	Driving	3.0	10.0	ndd	second	split_2	A	1	19	
driver162	2017-01-13 10:14:00	2017-01-16 08:16:00	4202.0	Break	3.0	10.0	ndd	second	split_2	WR_T1	1	19	
driver170	2017-01-01 08:24:00	2017-01-01 08:26:00	2.0	Other	1.0	1.0	ndd	first	uninterrupted	A	1	19	
driver170	2017-01-01 08:26:00	2017-01-01 08:49:00	23.0	Driving	1.0	1.0	ndd	first	uninterrupted	A	1	19	
driver170	2017-01-01 08:49:00	2017-01-01 08:52:00	3.0	Other	1.0	1.0	ndd	first	uninterrupted	A	1	19	
driver170	2017-01-01 08:52:00	2017-01-01 08:57:00	5.0	Driving	1.0	1.0	ndd	first	uninterrupted	A	1	19	
driver170	2017-01-01 08:57:00	2017-01-01 09:46:00	49.0	Break	1.0	1.0	ndd	first	uninterrupted	B_T1	1	19	
driver170	2017-01-01 09:46:00	2017-01-01 09:48:00	2.0	Driving	1.0	1.0	ndd	second	split_1	A	1	19	
driver170	2017-01-01 09:48:00	2017-01-01 11:29:00	101.0	Break	1.0	1.0	ndd	second	split_1	B_T2	1	19	
driver170	2017-01-01 11:29:00	2017-01-01 11:47:00	18.0	Driving	1.0	1.0	ndd	second	split_2	A	1	19	
driver170	2017-01-01 11:47:00	2017-02-01 12:02:00	1455.0	Break	1.0	1.0	ndd	second	split_2	WR_T2	1	19	
driver176	2017-01-13 14:25:00	2017-01-13 14:26:00	1.0	Other	4.0	11.0	ndd	first	uninterrupted	A	1	19	
driver176	2017-01-13 14:26:00	2017-01-13 17:25:00	179.0	Driving	4.0	11.0	ndd	first	uninterrupted	A	1	19	
driver176	2017-01-13 17:25:00	2017-01-13 17:27:00	2.0	Other	4.0	11.0	ndd	first	uninterrupted	A	1	19	
driver176	2017-01-13 17:27:00	2017-01-13 18:16:00	49.0	Driving	4.0	11.0	ndd	first	uninterrupted	A	1	19	
driver176	2017-01-13 18:16:00	2017-01-13 19:05:00	49.0	Break	4.0	11.0	ndd	first	uninterrupted	B_T1	1	19	
driver176	2017-01-13 19:05:00	2017-01-13 20:55:00	110.0	Driving	4.0	11.0	ndd	second	split_1	A	1	19	
driver176	2017-01-13 20:55:00	2017-01-13 21:41:00	46.0	Break	4.0	11.0	ndd	second	split_1	B_T2	1	19	
driver176	2017-01-13 21:41:00	2017-01-13 21:42:00	1.0	Driving	4.0	11.0	ndd	second	split_2	A	1	19	
driver176	2017-01-13 21:42:00	2017-01-13 21:59:00	17.0	Other	4.0	11.0	ndd	second	split_2	A	1	19	
driver176	2017-01-13 21:59:00	2017-01-14 00:38:00	159.0	Driving	4.0	11.0	ndd	second	split_2	A	1	19	
driver176	2017-01-14 00:38:00	2017-01-14 10:20:00	582.0	Break	4.0	11.0	ndd	second	split_2	DR_T2	1	19	
driver184	2017-09-01 18:28:00	2017-09-01 18:30:00	2.0	Driving	3.0	4.0	ndd	first	uninterrupted	A	1	19	
driver184	2017-09-01 18:30:00	2017-09-01 18:36:00	6.0	Other	3.0	4.0	ndd	first	uninterrupted	A	1	19	
driver184	2017-09-01 18:36:00	2017-09-01 18:38:00	2.0	Driving	3.0	4.0	ndd	first	uninterrupted	A	1	19	
driver184	2017-09-01 18:38:00	2017-09-01 18:46:00	8.0	Break	3.0	4.0	ndd	first	uninterrupted	B_T0	1	19	
driver184	2017-09-01 18:46:00	2017-09-01 22:57:00	251.0	Driving	3.0	4.0	ndd	first	uninterrupted	A	1	19	
driver184	2017-09-01 22:57:00	2017-09-01 22:58:00	1.0	Break	3.0	4.0	ndd	first	uninterrupted	B_T0	1	19	
driver184	2017-09-01 23:02:00	2017-09-01 23:09:00	7.0	Break	3.0	4.0	ndd	first	uninterrupted	B_T0	1	19	
driver184	2017-09-01 23:09:00	2017-10-01 03:17:00	248.0	Idle	3.0	4.0	ndd	first	uninterrupted	I	1	19	
driver184	2017-10-01 03:20:00	2017-10-01 04:08:00	48.0	Break	3.0	4.0	ndd	first	uninterrupted	B_T1	1	19	
driver184	2017-10-01 04:08:00	2017-10-01 08:40:00	272.0	Driving	3.0	4.0	ndd	second	split_1	A	1	19	
driver184	2017-10-01 08:44:00	2017-10-01 08:45:00	1.0	Idle	3.0	4.0	ndd	second	split_1	I	1	19	
driver184	2017-10-01 08:45:00	2017-10-01 08:55:00	10.0	Break	3.0	4.0	ndd	second	split_1	B_T0	1	19	
driver184	2017-10-01 08:55:00	2017-10-01 08:57:00	2.0	Idle	3.0	4.0	ndd	second	split_1	I	1	19	
driver184	2017-10-01 08:57:00	2017-10-01 09:03:00	6.0	Break	3.0	4.0	ndd	second	split_1	B_T0	1	19	
driver184	2017-10-01 09:03:00	2017-10-01 11:37:00	154.0	Idle	3.0	4.0	ndd	second	split_1	I	1	19	
driver184	2017-10-01 11:37:00	2017-10-01 11:58:00	21.0	Break	3.0	4.0	ndd	second	split_1	B_T2	1	19	
driver184	2017-10-01 11:58:00	2017-10-01 13:48:00	110.0	Idle	3.0	4.0	ndd	second	split_2	I	1	19	
driver184	2017-10-01 13:48:00	2017-10-01 23:38:00	590.0	Break	3.0	4.0	ndd	second	split_2	DR_T2	1	19	
driver197	2017-05-01 10:06:00	2017-05-01 10:33:00	27.0	Driving	1.0	5.0	none	none	uninterrupted	A	0	19	
driver197	2017-05-01 10:33:00	2017-05-01 10:35:00	2.0	Other	1.0	5.0	none	none	uninterrupted	A	0	19	
driver197	2017-05-01 10:35:00	2017-05-01 10:42:00	7.0	Break	1.0	5.0	none	none	uninterrupted	B_T0	0	19	
driver197	2017-05-01 10:42:00	2017-05-01 10:50:00	8.0	Driving	1.0	5.0	none	none	uninterrupted	A	0	19	
driver197	2017-05-01 10:50:00	2017-05-01 10:56:00	6.0	Break	1.0	5.0	none	none	uninterrupted	B_T0	0	19	
driver197	2017-05-01 10:56:00	2017-05-01 10:58:00	2.0	Driving	1.0	5.0	none	none	uninterrupted	A	0	19	
driver197	2017-05-01 10:58:00	2017-05-01 11:01:00	3.0	Other	1.0	5.0	none	none	uninterrupted	A	0	19	
driver197	2017-05-01 11:01:00	2017-05-01 11:03:00	2.0	Driving	1.0	5.0	none	none	uninterrupted	A	0	19	
driver197	2017-05-01 11:03:00	2017-05-01 12:17:00	74.0	Break	1.0	5.0	none	none	uninterrupted	B_T1	0	19	
driver197	2017-05-01 12:17:00	2017-05-01 12:19:00	2.0	Other	1.0	5.0	none	none	none	A	0	19	
driver197	2017-05-01 12:19:00	2017-05-01 12:38:00	19.0	Driving	1.0	5.0	none	none	none	A	0	19	
driver197	2017-05-01 12:38:00	2017-05-01 13:02:00	24.0	Break	1.0	5.0	none	none	none	none	0	19	
driver197	2017-05-01 13:02:00	2017-05-01 13:03:00	1.0	Driving	1.0	5.0	none	none	split_1	A	0	19	
driver197	2017-05-01 13:03:00	2017-05-01 13:05:00	2.0	Other	1.0	5.0	none	none	split_1	A	0	19	
driver197	2017-05-01 13:05:00	2017-05-01 13:18:00	13.0	Break	1.0	5.0	none	none	split_1	B_T0	0	19	
driver197	2017-05-01 13:18:00	2017-05-01 13:20:00	2.0	Other	1.0	5.0	none	none	split_1	A	0	19	
driver197	2017-05-01 13:20:00	2017-05-01 13:22:00	2.0	Driving	1.0	5.0	none	none	split_1	A	0	19	
driver197	2017-05-01 13:22:00	2017-05-01 13:48:00	26.0	Break	1.0	5.0	none	none	split_1	B_T2	0	19	
driver197	2017-05-01 13:48:00	2017-05-01 13:53:00	5.0	Driving	1.0	5.0	none	none	split_2	A	0	19	
driver197	2017-05-01 13:53:00	2017-05-01 13:57:00	4.0	Other	1.0	5.0	none	none	split_2	A	0	19	
driver197	2017-05-01 13:57:00	2017-05-01 15:00:00	63.0	Driving	1.0	5.0	none	none	split_2	A	0	19	
driver197	2017-05-01 15:00:00	2017-05-01 17:14:00	134.0	Break	1.0	5.0	none	none	split_2	B_T3	0	19	
driver197	2017-05-01 17:14:00	2017-05-01 17:15:00	1.0	Driving	1.0	5.0	ndd	first	uninterrupted	A	1	19	
driver197	2017-05-01 17:15:00	2017-05-01 17:17:00	2.0	Other	1.0	5.0	ndd	first	uninterrupted	A	1	19	
driver197	2017-05-01 17:17:00	2017-05-01 17:18:00	1.0	Driving	1.0	5.0	ndd	first	uninterrupted	A	1	19	
driver197	2017-05-01 17:18:00	2017-05-01 18:20:00	62.0	Break	1.0	5.0	ndd	first	uninterrupted	B_T1	1	19	
driver197	2017-05-01 18:20:00	2017-05-01 19:15:00	55.0	Driving	1.0	5.0	ndd	second	split_1	A	1	19	
driver197	2017-05-01 19:15:00	2017-05-01 19:52:00	37.0	Break	1.0	5.0	ndd	second	split_1	B_T2	1	19	
driver197	2017-05-01 19:52:00	2017-05-01 22:52:00	180.0	Driving	1.0	5.0	ndd	second	split_2	A	1	19	
driver197	2017-05-01 22:52:00	2017-06-01 08:01:00	549.0	Break	1.0	5.0	ndd	second	split_2	DR_T2	1	19	
driver207	2017-10-01 08:16:00	2017-10-01 08:18:00	2.0	Other	2.0	5.0	ndd	first	uninterrupted	A	1	19	
driver207	2017-10-01 08:18:00	2017-10-01 09:04:00	46.0	Driving	2.0	5.0	ndd	first	uninterrupted	A	1	19	
driver207	2017-10-01 09:04:00	2017-10-01 09:08:00	4.0	Other	2.0	5.0	ndd	first	uninterrupted	A	1	19	
driver207	2017-10-01 09:08:00	2017-10-01 09:09:00	1.0	Driving	2.0	5.0	ndd	first	uninterrupted	A	1	19	
driver207	2017-10-01 09:09:00	2017-10-01 09:12:00	3.0	Other	2.0	5.0	ndd	first	uninterrupted	A	1	19	
driver207	2017-10-01 09:12:00	2017-10-01 09:20:00	8.0	Driving	2.0	5.0	ndd	first	uninterrupted	A	1	19	
driver207	2017-10-01 09:20:00	2017-10-01 09:23:00	3.0	Other	2.0	5.0	ndd	first	uninterrupted	A	1	19	
driver207	2017-10-01 09:23:00	2017-10-01 09:52:00	29.0	Driving	2.0	5.0	ndd	first	uninterrupted	A	1	19	
driver207	2017-10-01 09:52:00	2017-10-01 10:01:00	9.0	Other	2.0	5.0	ndd	first	uninterrupted	A	1	19	
driver207	2017-10-01 10:01:00	2017-10-01 10:19:00	18.0	Driving	2.0	5.0	ndd	first	uninterrupted	A	1	19	
driver207	2017-10-01 10:19:00	2017-10-01 10:32:00	13.0	Break	2.0	5.0	ndd	first	uninterrupted	B_T0	1	19	
driver207	2017-10-01 10:32:00	2017-10-01 10:33:00	1.0	Driving	2.0	5.0	ndd	first	uninterrupted	A	1	19	
driver207	2017-10-01 10:33:00	2017-10-01 10:35:00	2.0	Break	2.0	5.0	ndd	first	uninterrupted	B_T0	1	19	
driver207	2017-10-01 10:35:00	2017-10-01 10:53:00	18.0	Driving	2.0	5.0	ndd	first	uninterrupted	A	1	19	
driver207	2017-10-01 10:53:00	2017-10-01 10:57:00	4.0	Other	2.0	5.0	ndd	first	uninterrupted	A	1	19	
driver207	2017-10-01 10:57:00	2017-10-01 10:58:00	1.0	Driving	2.0	5.0	ndd	first	uninterrupted	A	1	19	
driver207	2017-10-01 10:58:00	2017-10-01 11:02:00	4.0	Break	2.0	5.0	ndd	first	uninterrupted	B_T0	1	19	
driver207	2017-10-01 11:02:00	2017-10-01 11:04:00	2.0	Driving	2.0	5.0	ndd	first	uninterrupted	A	1	19	
driver207	2017-10-01 11:04:00	2017-10-01 11:05:00	1.0	Other	2.0	5.0	ndd	first	uninterrupted	A	1	19	
driver207	2017-10-01 11:05:00	2017-10-01 11:07:00	2.0	Break	2.0	5.0	ndd	first	uninterrupted	B_T0	1	19	
driver207	2017-10-01 11:07:00	2017-10-01 11:08:00	1.0	Driving	2.0	5.0	ndd	first	uninterrupted	A	1	19	
driver207	2017-10-01 11:08:00	2017-10-01 11:11:00	3.0	Other	2.0	5.0	ndd	first	uninterrupted	A	1	19	
driver207	2017-10-01 11:11:00	2017-10-01 11:13:00	2.0	Driving	2.0	5.0	ndd	first	uninterrupted	A	1	19	
driver207	2017-10-01 11:13:00	2017-10-01 11:16:00	3.0	Other	2.0	5.0	ndd	first	uninterrupted	A	1	19	
driver207	2017-10-01 11:16:00	2017-10-01 11:17:00	1.0	Driving	2.0	5.0	ndd	first	uninterrupted	A	1	19	
driver207	2017-10-01 11:17:00	2017-10-01 11:20:00	3.0	Other	2.0	5.0	ndd	first	uninterrupted	A	1	19	
driver207	2017-10-01 11:20:00	2017-10-01 11:21:00	1.0	Driving	2.0	5.0	ndd	first	uninterrupted	A	1	19	
driver207	2017-10-01 11:21:00	2017-10-01 11:26:00	5.0	Other	2.0	5.0	ndd	first	uninterrupted	A	1	19	
driver207	2017-10-01 11:26:00	2017-10-01 11:27:00	1.0	Driving	2.0	5.0	ndd	first	uninterrupted	A	1	19	
driver207	2017-10-01 11:27:00	2017-10-01 11:34:00	7.0	Other	2.0	5.0	ndd	first	uninterrupted	A	1	19	
driver207	2017-10-01 11:34:00	2017-10-01 11:36:00	2.0	Driving	2.0	5.0	ndd	first	uninterrupted	A	1	19	
driver207	2017-10-01 11:36:00	2017-10-01 11:40:00	4.0	Other	2.0	5.0	ndd	first	uninterrupted	A	1	19	
driver207	2017-10-01 11:40:00	2017-10-01 11:43:00	3.0	Driving	2.0	5.0	ndd	first	uninterrupted	A	1	19	
driver207	2017-10-01 11:43:00	2017-10-01 11:46:00	3.0	Other	2.0	5.0	ndd	first	uninterrupted	A	1	19	
driver207	2017-10-01 11:46:00	2017-10-01 11:49:00	3.0	Driving	2.0	5.0	ndd	first	uninterrupted	A	1	19	
driver207	2017-10-01 11:49:00	2017-10-01 11:52:00	3.0	Other	2.0	5.0	ndd	first	uninterrupted	A	1	19	
driver207	2017-10-01 11:52:00	2017-10-01 14:08:00	136.0	Driving	2.0	5.0	ndd	first	uninterrupted	A	1	19	
driver207	2017-10-01 14:08:00	2017-10-01 14:58:00	50.0	Break	2.0	5.0	ndd	first	uninterrupted	B_T1	1	19	
driver207	2017-10-01 14:58:00	2017-10-01 16:41:00	103.0	Driving	2.0	5.0	ndd	second	split_1	A	1	19	
driver207	2017-10-01 16:41:00	2017-10-01 16:57:00	16.0	Break	2.0	5.0	ndd	second	split_1	B_T2	1	19	
driver207	2017-10-01 16:57:00	2017-10-01 19:03:00	126.0	Driving	2.0	5.0	ndd	second	split_2	A	1	19	
driver207	2017-10-01 19:03:00	2017-10-01 19:05:00	2.0	Other	2.0	5.0	ndd	second	split_2	A	1	19	
driver207	2017-10-01 19:05:00	2017-10-01 19:07:00	2.0	Driving	2.0	5.0	ndd	second	split_2	A	1	19	
driver207	2017-10-01 19:07:00	2017-10-01 19:17:00	10.0	Break	2.0	5.0	ndd	second	split_2	B_T0	1	19	
driver207	2017-10-01 19:17:00	2017-10-01 19:21:00	4.0	Driving	2.0	5.0	ndd	second	split_2	A	1	19	
driver207	2017-10-01 19:21:00	2017-10-01 19:23:00	2.0	Other	2.0	5.0	ndd	second	split_2	A	1	19	
driver207	2017-10-01 19:23:00	2017-10-01 19:32:00	9.0	Driving	2.0	5.0	ndd	second	split_2	A	1	19	
driver207	2017-10-01 19:32:00	2017-11-01 07:22:00	710.0	Break	2.0	5.0	ndd	second	split_2	DR_T1	1	19	
driver207	2017-11-01 07:22:00	2017-11-01 07:23:00	1.0	Other	2.0	6.0	ndd	first	uninterrupted	A	1	19	
driver207	2017-11-01 07:23:00	2017-11-01 07:25:00	2.0	Driving	2.0	6.0	ndd	first	uninterrupted	A	1	19	
driver207	2017-11-01 07:25:00	2017-11-01 07:40:00	15.0	Other	2.0	6.0	ndd	first	uninterrupted	A	1	19	
driver207	2017-11-01 07:40:00	2017-11-01 07:41:00	1.0	Driving	2.0	6.0	ndd	first	uninterrupted	A	1	19	
driver207	2017-11-01 07:41:00	2017-11-01 07:56:00	15.0	Other	2.0	6.0	ndd	first	uninterrupted	A	1	19	
driver207	2017-11-01 07:56:00	2017-11-01 07:57:00	1.0	Driving	2.0	6.0	ndd	first	uninterrupted	A	1	19	
driver207	2017-11-01 07:57:00	2017-11-01 08:03:00	6.0	Other	2.0	6.0	ndd	first	uninterrupted	A	1	19	
driver207	2017-11-01 08:03:00	2017-11-01 08:04:00	1.0	Driving	2.0	6.0	ndd	first	uninterrupted	A	1	19	
driver207	2017-11-01 08:04:00	2017-11-01 09:19:00	75.0	Other	2.0	6.0	ndd	first	uninterrupted	A	1	19	
driver207	2017-11-01 09:19:00	2017-11-01 11:50:00	151.0	Break	2.0	6.0	ndd	first	uninterrupted	B_T1	1	19	
driver207	2017-11-01 11:50:00	2017-11-01 11:51:00	1.0	Driving	2.0	6.0	ndd	second	split_1	A	1	19	
driver207	2017-11-01 11:51:00	2017-11-01 12:16:00	25.0	Other	2.0	6.0	ndd	second	split_1	A	1	19	
driver207	2017-11-01 12:16:00	2017-11-01 12:24:00	8.0	Break	2.0	6.0	ndd	second	split_1	B_T0	1	19	
driver207	2017-11-01 12:24:00	2017-11-01 12:30:00	6.0	Other	2.0	6.0	ndd	second	split_1	A	1	19	
driver207	2017-11-01 12:30:00	2017-11-01 13:43:00	73.0	Driving	2.0	6.0	ndd	second	split_1	A	1	19	
driver207	2017-11-01 13:43:00	2017-11-01 13:52:00	9.0	Break	2.0	6.0	ndd	second	split_1	B_T0	1	19	
driver207	2017-11-01 13:52:00	2017-11-01 16:49:00	177.0	Driving	2.0	6.0	ndd	second	split_1	A	1	19	
driver207	2017-11-01 16:49:00	2017-11-01 17:37:00	48.0	Break	2.0	6.0	ndd	second	split_1	B_T2	1	19	
driver207	2017-11-01 17:37:00	2017-11-01 18:17:00	40.0	Driving	2.0	6.0	ndd	second	split_2	A	1	19	
driver207	2017-11-01 18:17:00	2017-11-01 18:25:00	8.0	Other	2.0	6.0	ndd	second	split_2	A	1	19	
driver207	2017-11-01 18:25:00	2017-12-01 07:16:00	771.0	Break	2.0	6.0	ndd	second	split_2	DR_T1	1	19	
driver212	2017-10-01 11:40:00	2017-10-01 12:57:00	77.0	Driving	2.0	2.0	ndd	first	uninterrupted	A	1	19	
driver212	2017-10-01 12:57:00	2017-10-01 12:59:00	2.0	Other	2.0	2.0	ndd	first	uninterrupted	A	1	19	
driver212	2017-10-01 12:59:00	2017-10-01 13:03:00	4.0	Driving	2.0	2.0	ndd	first	uninterrupted	A	1	19	
driver212	2017-10-01 13:03:00	2017-10-01 13:08:00	5.0	Other	2.0	2.0	ndd	first	uninterrupted	A	1	19	
driver212	2017-10-01 13:08:00	2017-10-01 13:10:00	2.0	Driving	2.0	2.0	ndd	first	uninterrupted	A	1	19	
driver212	2017-10-01 13:10:00	2017-10-01 13:16:00	6.0	Other	2.0	2.0	ndd	first	uninterrupted	A	1	19	
driver212	2017-10-01 13:16:00	2017-10-01 13:22:00	6.0	Driving	2.0	2.0	ndd	first	uninterrupted	A	1	19	
driver212	2017-10-01 13:22:00	2017-10-01 13:23:00	1.0	Other	2.0	2.0	ndd	first	uninterrupted	A	1	19	
driver212	2017-10-01 13:23:00	2017-10-01 15:28:00	125.0	Break	2.0	2.0	ndd	first	uninterrupted	B_T1	1	19	
driver212	2017-10-01 15:28:00	2017-10-01 15:49:00	21.0	Other	2.0	2.0	ndd	second	split_1	A	1	19	
driver212	2017-10-01 15:49:00	2017-10-01 16:47:00	58.0	Break	2.0	2.0	ndd	second	split_1	B_T2	1	19	
driver212	2017-10-01 16:47:00	2017-10-01 16:52:00	5.0	Driving	2.0	2.0	ndd	second	split_2	A	1	19	
driver212	2017-10-01 16:52:00	2017-10-01 16:53:00	1.0	Other	2.0	2.0	ndd	second	split_2	A	1	19	
driver212	2017-10-01 16:53:00	2017-11-01 08:32:00	939.0	Break	2.0	2.0	ndd	second	split_2	DR_T1	1	19	
driver215	2017-02-01 10:28:00	2017-02-01 10:31:00	3.0	Driving	1.0	1.0	ndd	first	uninterrupted	A	1	19	
driver215	2017-02-01 10:31:00	2017-02-01 10:43:00	12.0	Other	1.0	1.0	ndd	first	uninterrupted	A	1	19	
driver215	2017-02-01 10:43:00	2017-02-01 10:44:00	1.0	Driving	1.0	1.0	ndd	first	uninterrupted	A	1	19	
driver215	2017-02-01 10:44:00	2017-02-01 10:47:00	3.0	Other	1.0	1.0	ndd	first	uninterrupted	A	1	19	
driver215	2017-02-01 10:47:00	2017-02-01 10:50:00	3.0	Driving	1.0	1.0	ndd	first	uninterrupted	A	1	19	
driver215	2017-02-01 10:50:00	2017-02-01 11:04:00	14.0	Other	1.0	1.0	ndd	first	uninterrupted	A	1	19	
driver215	2017-02-01 11:04:00	2017-02-01 12:59:00	115.0	Driving	1.0	1.0	ndd	first	uninterrupted	A	1	19	
driver215	2017-02-01 12:59:00	2017-02-01 13:02:00	3.0	Other	1.0	1.0	ndd	first	uninterrupted	A	1	19	
driver215	2017-02-01 13:02:00	2017-02-01 14:29:00	87.0	Driving	1.0	1.0	ndd	first	uninterrupted	A	1	19	
driver215	2017-02-01 14:29:00	2017-02-01 14:31:00	2.0	Other	1.0	1.0	ndd	first	uninterrupted	A	1	19	
driver215	2017-02-01 14:31:00	2017-02-01 14:43:00	12.0	Driving	1.0	1.0	ndd	first	uninterrupted	A	1	19	
driver215	2017-02-01 14:43:00	2017-02-01 14:45:00	2.0	Other	1.0	1.0	ndd	first	uninterrupted	A	1	19	
driver215	2017-02-01 14:45:00	2017-02-01 15:13:00	28.0	Driving	1.0	1.0	ndd	first	uninterrupted	A	1	19	
driver215	2017-02-01 15:13:00	2017-02-01 16:06:00	53.0	Break	1.0	1.0	ndd	first	uninterrupted	B_T1	1	19	
driver215	2017-02-01 16:06:00	2017-02-01 18:12:00	126.0	Driving	1.0	1.0	ndd	second	split_1	A	1	19	
driver215	2017-02-01 18:12:00	2017-02-01 18:23:00	11.0	Break	1.0	1.0	ndd	second	split_1	B_T0	1	19	
driver215	2017-02-01 18:23:00	2017-02-01 18:29:00	6.0	Driving	1.0	1.0	ndd	second	split_1	A	1	19	
driver215	2017-02-01 18:29:00	2017-02-01 18:43:00	14.0	Break	1.0	1.0	ndd	second	split_1	B_T0	1	19	
driver215	2017-02-01 18:43:00	2017-02-01 20:10:00	87.0	Driving	1.0	1.0	ndd	second	split_1	A	1	19	
driver215	2017-02-01 20:10:00	2017-02-01 20:33:00	23.0	Break	1.0	1.0	ndd	second	split_1	B_T2	1	19	
driver215	2017-02-01 20:33:00	2017-02-01 21:03:00	30.0	Driving	1.0	1.0	ndd	second	split_2	A	1	19	
driver215	2017-02-01 21:03:00	2017-03-01 06:37:00	574.0	Break	1.0	1.0	ndd	second	split_2	DR_T2	1	19	
driver216	2017-03-01 07:29:00	2017-03-01 08:11:00	42.0	Idle	1.0	2.0	ndd	first	uninterrupted	I	1	19	
driver216	2017-03-01 08:11:00	2017-03-01 09:55:00	104.0	Break	1.0	2.0	ndd	first	uninterrupted	B_T1	1	19	
driver216	2017-03-01 09:57:00	2017-03-01 10:47:00	50.0	Break	1.0	2.0	ndd	second	split_1	B_T2	1	19	
driver216	2017-03-01 10:49:00	2017-03-01 16:44:00	355.0	Break	1.0	2.0	ndd	second	split_2	DR_T3	1	19	
driver216	2017-03-01 16:44:00	2017-03-01 17:16:00	32.0	Idle	1.0	3.0	ndd	first	uninterrupted	I	1	19	
driver216	2017-03-01 17:16:00	2017-03-01 18:17:00	61.0	Break	1.0	3.0	ndd	first	uninterrupted	B_T1	1	19	
driver216	2017-03-01 19:30:00	2017-03-01 20:12:00	42.0	Break	1.0	3.0	ndd	second	split_1	B_T2	1	19	
driver216	2017-03-01 20:12:00	2017-03-01 20:49:00	37.0	Idle	1.0	3.0	ndd	second	split_2	I	1	19	
driver216	2017-03-01 20:49:00	2017-04-01 14:38:00	1069.0	Break	1.0	3.0	ndd	second	split_2	DR_T4	1	19	
driver220	2017-11-01 07:38:00	2017-11-01 10:12:00	154.0	Driving	3.0	6.0	ndd	first	uninterrupted	A	1	19	
driver220	2017-11-01 10:12:00	2017-11-01 10:16:00	4.0	Other	3.0	6.0	ndd	first	uninterrupted	A	1	19	
driver220	2017-11-01 10:16:00	2017-11-01 10:22:00	6.0	Driving	3.0	6.0	ndd	first	uninterrupted	A	1	19	
driver220	2017-11-01 10:22:00	2017-11-01 10:25:00	3.0	Other	3.0	6.0	ndd	first	uninterrupted	A	1	19	
driver220	2017-11-01 10:25:00	2017-11-01 10:29:00	4.0	Driving	3.0	6.0	ndd	first	uninterrupted	A	1	19	
driver220	2017-11-01 10:29:00	2017-11-01 10:59:00	30.0	Other	3.0	6.0	ndd	first	uninterrupted	A	1	19	
driver220	2017-11-01 10:59:00	2017-11-01 11:00:00	1.0	Driving	3.0	6.0	ndd	first	uninterrupted	A	1	19	
driver220	2017-11-01 11:00:00	2017-11-01 11:05:00	5.0	Other	3.0	6.0	ndd	first	uninterrupted	A	1	19	
driver220	2017-11-01 11:05:00	2017-11-01 11:12:00	7.0	Driving	3.0	6.0	ndd	first	uninterrupted	A	1	19	
driver220	2017-11-01 11:12:00	2017-11-01 11:22:00	10.0	Other	3.0	6.0	ndd	first	uninterrupted	A	1	19	
driver220	2017-11-01 11:22:00	2017-11-01 11:25:00	3.0	Driving	3.0	6.0	ndd	first	uninterrupted	A	1	19	
driver220	2017-11-01 11:25:00	2017-11-01 11:38:00	13.0	Break	3.0	6.0	ndd	first	uninterrupted	B_T0	1	19	
driver220	2017-11-01 11:38:00	2017-11-01 11:48:00	10.0	Other	3.0	6.0	ndd	first	uninterrupted	A	1	19	
driver220	2017-11-01 11:48:00	2017-11-01 12:42:00	54.0	Driving	3.0	6.0	ndd	first	uninterrupted	A	1	19	
driver220	2017-11-01 12:42:00	2017-11-01 13:28:00	46.0	Break	3.0	6.0	ndd	first	uninterrupted	B_T1	1	19	
driver220	2017-11-01 13:28:00	2017-11-01 15:18:00	110.0	Driving	3.0	6.0	ndd	second	split_1	A	1	19	
driver220	2017-11-01 15:18:00	2017-11-01 15:34:00	16.0	Break	3.0	6.0	ndd	second	split_1	B_T2	1	19	
driver220	2017-11-01 15:34:00	2017-11-01 15:40:00	6.0	Driving	3.0	6.0	ndd	second	split_2	A	1	19	
driver220	2017-11-01 15:40:00	2017-11-01 15:41:00	1.0	Other	3.0	6.0	ndd	second	split_2	A	1	19	
driver220	2017-11-01 15:41:00	2017-11-01 15:47:00	6.0	Break	3.0	6.0	ndd	second	split_2	B_T0	1	19	
driver220	2017-11-01 15:47:00	2017-11-01 15:49:00	2.0	Other	3.0	6.0	ndd	second	split_2	A	1	19	
driver220	2017-11-01 15:49:00	2017-11-01 15:50:00	1.0	Driving	3.0	6.0	ndd	second	split_2	A	1	19	
driver220	2017-11-01 15:50:00	2017-11-01 15:52:00	2.0	Other	3.0	6.0	ndd	second	split_2	A	1	19	
driver220	2017-11-01 15:52:00	2017-11-01 15:53:00	1.0	Driving	3.0	6.0	ndd	second	split_2	A	1	19	
driver220	2017-11-01 15:53:00	2017-11-01 15:57:00	4.0	Break	3.0	6.0	ndd	second	split_2	B_T0	1	19	
driver220	2017-11-01 15:57:00	2017-11-01 16:29:00	32.0	Driving	3.0	6.0	ndd	second	split_2	A	1	19	
driver220	2017-11-01 16:29:00	2017-01-13 05:58:00	2249.0	Break	3.0	6.0	ndd	second	split_2	WR_T2	1	19	
driver223	2017-03-01 12:45:00	2017-03-01 12:58:00	13.0	Idle	1.0	3.0	ndd	first	uninterrupted	I	1	19	
driver223	2017-03-01 12:58:00	2017-03-01 13:46:00	48.0	Break	1.0	3.0	ndd	first	uninterrupted	B_T1	1	19	
driver223	2017-03-01 13:46:00	2017-03-01 14:39:00	53.0	Idle	1.0	3.0	ndd	second	split_1	I	1	19	
driver223	2017-03-01 14:39:00	2017-03-01 14:54:00	15.0	Break	1.0	3.0	ndd	second	split_1	B_T2	1	19	
driver223	2017-03-01 14:54:00	2017-03-01 16:18:00	84.0	Idle	1.0	3.0	ndd	second	split_2	I	1	19	
driver223	2017-03-01 16:18:00	2017-03-01 16:23:00	5.0	Break	1.0	3.0	ndd	second	split_2	B_T0	1	19	
driver223	2017-03-01 16:23:00	2017-03-01 18:02:00	99.0	Idle	1.0	3.0	ndd	second	split_2	I	1	19	
driver223	2017-03-01 18:02:00	2017-04-01 03:20:00	558.0	Break	1.0	3.0	ndd	second	split_2	DR_T2	1	19	
driver230	2017-01-14 13:19:00	2017-01-14 15:20:00	121.0	Driving	4.0	13.0	ndd	first	uninterrupted	A	1	19	
driver230	2017-01-14 15:20:00	2017-01-14 15:22:00	2.0	Other	4.0	13.0	ndd	first	uninterrupted	A	1	19	
driver230	2017-01-14 15:22:00	2017-01-14 17:20:00	118.0	Driving	4.0	13.0	ndd	first	uninterrupted	A	1	19	
driver230	2017-01-14 17:20:00	2017-01-14 18:06:00	46.0	Break	4.0	13.0	ndd	first	uninterrupted	B_T1	1	19	
driver230	2017-01-14 18:06:00	2017-01-14 21:36:00	210.0	Driving	4.0	13.0	ndd	second	split_1	A	1	19	
driver230	2017-01-14 21:36:00	2017-01-14 22:22:00	46.0	Break	4.0	13.0	ndd	second	split_1	B_T2	1	19	
driver230	2017-01-14 22:22:00	2017-01-14 23:37:00	75.0	Driving	4.0	13.0	ndd	second	split_2	A	1	19	
driver230	2017-01-14 23:37:00	2017-01-15 10:42:00	665.0	Break	4.0	13.0	ndd	second	split_2	DR_T1	1	19	
driver241	2017-05-01 11:43:00	2017-05-01 11:54:00	11.0	Idle	2.0	4.0	ndd	first	uninterrupted	I	1	19	
driver241	2017-05-01 11:54:00	2017-05-01 13:00:00	66.0	Break	2.0	4.0	ndd	first	uninterrupted	B_T1	1	19	
driver241	2017-05-01 13:00:00	2017-05-01 15:17:00	137.0	Idle	2.0	4.0	ndd	second	split_1	I	1	19	
driver241	2017-05-01 15:17:00	2017-05-01 16:22:00	65.0	Break	2.0	4.0	ndd	second	split_1	B_T2	1	19	
driver241	2017-05-01 16:22:00	2017-05-01 16:23:00	1.0	Idle	2.0	4.0	ndd	second	split_2	I	1	19	
driver241	2017-05-01 16:23:00	2017-07-01 17:59:00	2976.0	Break	2.0	4.0	ndd	second	split_2	WR_T1	1	19	
driver243	2017-02-01 14:39:00	2017-02-01 15:03:00	24.0	Driving	1.0	1.0	ndd	first	uninterrupted	A	1	19	
driver243	2017-02-01 15:03:00	2017-02-01 15:05:00	2.0	Other	1.0	1.0	ndd	first	uninterrupted	A	1	19	
driver243	2017-02-01 15:05:00	2017-02-01 15:06:00	1.0	Driving	1.0	1.0	ndd	first	uninterrupted	A	1	19	
driver243	2017-02-01 15:06:00	2017-02-01 15:56:00	50.0	Break	1.0	1.0	ndd	first	uninterrupted	B_T1	1	19	
driver243	2017-02-01 15:56:00	2017-02-01 15:58:00	2.0	Driving	1.0	1.0	ndd	second	split_1	A	1	19	
driver243	2017-02-01 15:58:00	2017-02-01 17:51:00	113.0	Break	1.0	1.0	ndd	second	split_1	B_T2	1	19	
driver243	2017-02-01 17:51:00	2017-02-01 18:19:00	28.0	Driving	1.0	1.0	ndd	second	split_2	A	1	19	
driver243	2017-02-01 18:19:00	2017-02-01 18:22:00	3.0	Other	1.0	1.0	ndd	second	split_2	A	1	19	
driver243	2017-02-01 18:22:00	2017-02-01 19:24:00	62.0	Driving	1.0	1.0	ndd	second	split_2	A	1	19	
driver243	2017-02-01 19:24:00	2017-03-01 10:43:00	919.0	Break	1.0	1.0	ndd	second	split_2	DR_T1	1	19	
driver246	2017-08-01 21:45:00	2017-08-01 22:46:00	61.0	Idle	2.0	7.0	ndd	first	uninterrupted	I	1	19	
driver246	2017-08-01 22:46:00	2017-08-01 22:59:00	13.0	Break	2.0	7.0	ndd	first	uninterrupted	B_T0	1	19	
driver246	2017-08-01 22:59:00	2017-09-01 02:42:00	223.0	Idle	2.0	7.0	ndd	first	uninterrupted	I	1	19	
driver246	2017-09-01 02:45:00	2017-09-01 02:46:00	1.0	Break	2.0	7.0	ndd	first	uninterrupted	B_T0	1	19	
driver246	2017-09-01 02:46:00	2017-09-01 05:18:00	152.0	Driving	2.0	7.0	ndd	first	uninterrupted	A	1	19	
driver246	2017-09-01 05:18:00	2017-09-01 05:20:00	2.0	Other	2.0	7.0	ndd	first	uninterrupted	A	1	19	
driver246	2017-09-01 05:20:00	2017-09-01 07:17:00	117.0	Driving	2.0	7.0	ndd	first	uninterrupted	A	1	19	
driver246	2017-09-01 07:20:00	2017-09-01 11:31:00	251.0	Idle	2.0	7.0	ndd	first	uninterrupted	I	1	19	
driver246	2017-09-01 11:34:00	2017-09-01 11:35:00	1.0	Other	2.0	7.0	ndd	first	uninterrupted	A	1	19	
driver246	2017-09-01 11:35:00	2017-09-01 12:08:00	33.0	Driving	2.0	7.0	ndd	first	uninterrupted	A	1	19	
driver246	2017-09-01 12:08:00	2017-09-01 12:13:00	5.0	Break	2.0	7.0	ndd	first	uninterrupted	B_T0	1	19	
driver246	2017-09-01 12:13:00	2017-09-01 12:20:00	7.0	Driving	2.0	7.0	ndd	first	uninterrupted	A	1	19	
driver246	2017-09-01 12:20:00	2017-09-01 12:23:00	3.0	Other	2.0	7.0	ndd	first	uninterrupted	A	1	19	
driver246	2017-09-01 12:23:00	2017-09-01 12:30:00	7.0	Driving	2.0	7.0	ndd	first	uninterrupted	A	1	19	
driver246	2017-09-01 12:30:00	2017-09-01 12:36:00	6.0	Other	2.0	7.0	ndd	first	uninterrupted	A	1	19	
driver246	2017-09-01 12:36:00	2017-09-01 12:39:00	3.0	Driving	2.0	7.0	ndd	first	uninterrupted	A	1	19	
driver246	2017-09-01 12:39:00	2017-09-01 13:42:00	63.0	Break	2.0	7.0	ndd	first	uninterrupted	B_T1	1	19	
driver246	2017-09-01 13:42:00	2017-09-01 13:54:00	12.0	Other	2.0	7.0	ndd	second	split_1	A	1	19	
driver246	2017-09-01 13:54:00	2017-09-01 15:33:00	99.0	Driving	2.0	7.0	ndd	second	split_1	A	1	19	
driver246	2017-09-01 15:33:00	2017-09-01 15:36:00	3.0	Break	2.0	7.0	ndd	second	split_1	B_T0	1	19	
driver246	2017-09-01 15:36:00	2017-09-01 15:38:00	2.0	Driving	2.0	7.0	ndd	second	split_1	A	1	19	
driver246	2017-09-01 15:38:00	2017-09-01 15:46:00	8.0	Break	2.0	7.0	ndd	second	split_1	B_T0	1	19	
driver246	2017-09-01 15:46:00	2017-09-01 17:23:00	97.0	Driving	2.0	7.0	ndd	second	split_1	A	1	19	
driver246	2017-09-01 17:23:00	2017-09-01 17:40:00	17.0	Break	2.0	7.0	ndd	second	split_1	B_T2	1	19	
driver246	2017-09-01 17:40:00	2017-09-01 17:43:00	3.0	Driving	2.0	7.0	ndd	second	split_2	A	1	19	
driver246	2017-09-01 17:43:00	2017-09-01 17:45:00	2.0	Other	2.0	7.0	ndd	second	split_2	A	1	19	
driver246	2017-09-01 17:45:00	2017-10-01 03:17:00	572.0	Break	2.0	7.0	ndd	second	split_2	DR_T2	1	19	
driver254	2017-03-01 23:58:00	2017-03-01 23:59:00	1.0	Driving	2.0	2.0	ndd	first	uninterrupted	A	1	19	
driver254	2017-03-01 23:59:00	2017-04-01 00:05:00	6.0	Other	2.0	2.0	ndd	first	uninterrupted	A	1	19	
driver254	2017-04-01 00:05:00	2017-04-01 03:48:00	223.0	Driving	2.0	2.0	ndd	first	uninterrupted	A	1	19	
driver254	2017-04-01 03:51:00	2017-04-01 03:54:00	3.0	Break	2.0	2.0	ndd	first	uninterrupted	B_T0	1	19	
driver254	2017-04-01 03:54:00	2017-04-01 07:01:00	187.0	Idle	2.0	2.0	ndd	first	uninterrupted	I	1	19	
driver254	2017-04-01 07:03:00	2017-04-01 07:07:00	4.0	Break	2.0	2.0	ndd	first	uninterrupted	B_T0	1	19	
driver254	2017-04-01 07:07:00	2017-04-01 09:31:00	144.0	Driving	2.0	2.0	ndd	first	uninterrupted	A	1	19	
driver254	2017-04-01 09:31:00	2017-04-01 09:37:00	6.0	Break	2.0	2.0	ndd	first	uninterrupted	B_T0	1	19	
driver254	2017-04-01 09:37:00	2017-04-01 09:38:00	1.0	Other	2.0	2.0	ndd	first	uninterrupted	A	1	19	
driver254	2017-04-01 09:38:00	2017-04-01 09:39:00	1.0	Break	2.0	2.0	ndd	first	uninterrupted	B_T0	1	19	
driver254	2017-04-01 09:42:00	2017-04-01 09:56:00	14.0	Break	2.0	2.0	ndd	first	uninterrupted	B_T0	1	19	
driver254	2017-04-01 09:56:00	2017-04-01 13:51:00	235.0	Idle	2.0	2.0	ndd	first	uninterrupted	I	1	19	
driver254	2017-04-01 13:51:00	2017-04-01 15:01:00	70.0	Break	2.0	2.0	ndd	first	uninterrupted	B_T1	1	19	
driver254	2017-04-01 15:01:00	2017-04-01 15:04:00	3.0	Idle	2.0	2.0	ndd	second	split_1	I	1	19	
driver254	2017-04-01 15:04:00	2017-04-01 15:20:00	16.0	Break	2.0	2.0	ndd	second	split_1	B_T2	1	19	
driver254	2017-04-01 15:20:00	2017-04-01 15:22:00	2.0	Idle	2.0	2.0	ndd	second	split_2	I	1	19	
driver254	2017-04-01 15:22:00	2017-04-01 15:25:00	3.0	Break	2.0	2.0	ndd	second	split_2	B_T0	1	19	
driver254	2017-04-01 15:25:00	2017-04-01 15:26:00	1.0	Idle	2.0	2.0	ndd	second	split_2	I	1	19	
driver254	2017-04-01 15:26:00	2017-04-01 15:29:00	3.0	Break	2.0	2.0	ndd	second	split_2	B_T0	1	19	
driver254	2017-04-01 15:29:00	2017-04-01 15:40:00	11.0	Idle	2.0	2.0	ndd	second	split_2	I	1	19	
driver254	2017-04-01 15:40:00	2017-05-01 22:21:00	1841.0	Break	2.0	2.0	ndd	second	split_2	WR_T2	1	19	
driver257	2017-11-01 16:12:00	2017-11-01 16:13:00	1.0	Driving	3.0	9.0	ndd	first	uninterrupted	A	1	19	
driver257	2017-11-01 16:13:00	2017-11-01 16:15:00	2.0	Break	3.0	9.0	ndd	first	uninterrupted	B_T0	1	19	
driver257	2017-11-01 16:15:00	2017-11-01 16:19:00	4.0	Other	3.0	9.0	ndd	first	uninterrupted	A	1	19	
driver257	2017-11-01 16:19:00	2017-11-01 17:27:00	68.0	Driving	3.0	9.0	ndd	first	uninterrupted	A	1	19	
driver257	2017-11-01 17:27:00	2017-11-01 17:32:00	5.0	Break	3.0	9.0	ndd	first	uninterrupted	B_T0	1	19	
driver257	2017-11-01 17:32:00	2017-11-01 20:06:00	154.0	Driving	3.0	9.0	ndd	first	uninterrupted	A	1	19	
driver257	2017-11-01 20:06:00	2017-11-01 20:12:00	6.0	Other	3.0	9.0	ndd	first	uninterrupted	A	1	19	
driver257	2017-11-01 20:12:00	2017-11-01 22:42:00	150.0	Break	3.0	9.0	ndd	first	uninterrupted	B_T1	1	19	
driver257	2017-11-01 22:42:00	2017-11-01 22:48:00	6.0	Driving	3.0	9.0	ndd	second	split_1	A	1	19	
driver257	2017-11-01 22:48:00	2017-11-01 22:50:00	2.0	Other	3.0	9.0	ndd	second	split_1	A	1	19	
driver257	2017-11-01 22:50:00	2017-11-01 23:24:00	34.0	Break	3.0	9.0	ndd	second	split_1	B_T2	1	19	
driver257	2017-11-01 23:24:00	2017-11-01 23:27:00	3.0	Driving	3.0	9.0	ndd	second	split_2	A	1	19	
driver257	2017-11-01 23:27:00	2017-12-01 08:29:00	542.0	Break	3.0	9.0	ndd	second	split_2	DR_T2	1	19	
driver257	2017-12-01 08:29:00	2017-12-01 08:33:00	4.0	Driving	3.0	10.0	ndd	first	uninterrupted	A	1	19	
driver257	2017-12-01 08:33:00	2017-12-01 08:34:00	1.0	Other	3.0	10.0	ndd	first	uninterrupted	A	1	19	
driver257	2017-12-01 08:34:00	2017-12-01 08:43:00	9.0	Break	3.0	10.0	ndd	first	uninterrupted	B_T0	1	19	
driver257	2017-12-01 08:43:00	2017-12-01 08:44:00	1.0	Other	3.0	10.0	ndd	first	uninterrupted	A	1	19	
driver257	2017-12-01 08:44:00	2017-12-01 08:45:00	1.0	Driving	3.0	10.0	ndd	first	uninterrupted	A	1	19	
driver257	2017-12-01 08:45:00	2017-12-01 08:51:00	6.0	Other	3.0	10.0	ndd	first	uninterrupted	A	1	19	
driver257	2017-12-01 08:51:00	2017-12-01 09:00:00	9.0	Driving	3.0	10.0	ndd	first	uninterrupted	A	1	19	
driver257	2017-12-01 09:00:00	2017-12-01 09:02:00	2.0	Break	3.0	10.0	ndd	first	uninterrupted	B_T0	1	19	
driver257	2017-12-01 09:02:00	2017-12-01 09:12:00	10.0	Driving	3.0	10.0	ndd	first	uninterrupted	A	1	19	
driver257	2017-12-01 09:12:00	2017-12-01 09:17:00	5.0	Break	3.0	10.0	ndd	first	uninterrupted	B_T0	1	19	
driver257	2017-12-01 09:17:00	2017-12-01 09:35:00	18.0	Driving	3.0	10.0	ndd	first	uninterrupted	A	1	19	
driver257	2017-12-01 09:35:00	2017-12-01 09:46:00	11.0	Break	3.0	10.0	ndd	first	uninterrupted	B_T0	1	19	
driver257	2017-12-01 09:46:00	2017-12-01 09:47:00	1.0	Driving	3.0	10.0	ndd	first	uninterrupted	A	1	19	
driver257	2017-12-01 09:47:00	2017-12-01 09:49:00	2.0	Other	3.0	10.0	ndd	first	uninterrupted	A	1	19	
driver257	2017-12-01 09:49:00	2017-12-01 10:35:00	46.0	Break	3.0	10.0	ndd	first	uninterrupted	B_T1	1	19	
driver257	2017-12-01 10:35:00	2017-12-01 10:36:00	1.0	Other	3.0	10.0	ndd	second	split_1	A	1	19	
driver257	2017-12-01 10:36:00	2017-12-01 10:38:00	2.0	Driving	3.0	10.0	ndd	second	split_1	A	1	19	
driver257	2017-12-01 10:38:00	2017-12-01 11:08:00	30.0	Break	3.0	10.0	ndd	second	split_1	B_T2	1	19	
driver257	2017-12-01 11:08:00	2017-12-01 11:10:00	2.0	Other	3.0	10.0	ndd	second	split_2	A	1	19	
driver257	2017-12-01 11:10:00	2017-12-01 13:04:00	114.0	Driving	3.0	10.0	ndd	second	split_2	A	1	19	
driver257	2017-12-01 13:04:00	2017-01-13 14:46:00	1542.0	Break	3.0	10.0	ndd	second	split_2	WR_T2	1	19	
driver260	2017-03-01 13:20:00	2017-03-01 13:26:00	6.0	Break	1.0	2.0	ndd	first	uninterrupted	B_T0	1	19	
driver260	2017-03-01 13:26:00	2017-03-01 16:42:00	196.0	Driving	1.0	2.0	ndd	first	uninterrupted	A	1	19	
driver260	2017-03-01 16:42:00	2017-03-01 16:44:00	2.0	Break	1.0	2.0	ndd	first	uninterrupted	B_T0	1	19	
driver260	2017-03-01 16:49:00	2017-03-01 16:57:00	8.0	Break	1.0	2.0	ndd	first	uninterrupted	B_T0	1	19	
driver260	2017-03-01 16:57:00	2017-03-01 18:10:00	73.0	Idle	1.0	2.0	ndd	first	uninterrupted	I	1	19	
driver260	2017-03-01 18:10:00	2017-03-01 18:24:00	14.0	Break	1.0	2.0	ndd	first	uninterrupted	B_T0	1	19	
driver260	2017-03-01 18:24:00	2017-03-01 18:33:00	9.0	Idle	1.0	2.0	ndd	first	uninterrupted	I	1	19	
driver260	2017-03-01 18:33:00	2017-03-01 18:39:00	6.0	Break	1.0	2.0	ndd	first	uninterrupted	B_T0	1	19	
driver260	2017-03-01 18:39:00	2017-03-01 18:41:00	2.0	Idle	1.0	2.0	ndd	first	uninterrupted	I	1	19	
driver260	2017-03-01 18:41:00	2017-03-01 19:54:00	73.0	Break	1.0	2.0	ndd	first	uninterrupted	B_T1	1	19	
driver260	2017-03-01 19:54:00	2017-03-01 20:14:00	20.0	Idle	1.0	2.0	ndd	second	split_1	I	1	19	
driver260	2017-03-01 20:14:00	2017-03-01 20:32:00	18.0	Break	1.0	2.0	ndd	second	split_1	B_T2	1	19	
driver260	2017-03-01 20:32:00	2017-03-01 20:41:00	9.0	Idle	1.0	2.0	ndd	second	split_2	I	1	19	
driver260	2017-03-01 20:41:00	2017-04-01 17:45:00	1264.0	Break	1.0	2.0	ndd	second	split_2	DR_T1	1	19	
driver269	2017-11-01 00:51:00	2017-11-01 04:39:00	228.0	Driving	2.0	7.0	ndd	first	uninterrupted	A	1	19	
driver269	2017-11-01 04:39:00	2017-11-01 04:41:00	2.0	Other	2.0	7.0	ndd	first	uninterrupted	A	1	19	
driver269	2017-11-01 04:41:00	2017-11-01 04:42:00	1.0	Driving	2.0	7.0	ndd	first	uninterrupted	A	1	19	
driver269	2017-11-01 04:42:00	2017-11-01 04:48:00	6.0	Other	2.0	7.0	ndd	first	uninterrupted	A	1	19	
driver269	2017-11-01 04:48:00	2017-11-01 04:50:00	2.0	Driving	2.0	7.0	ndd	first	uninterrupted	A	1	19	
driver269	2017-11-01 04:50:00	2017-11-01 04:53:00	3.0	Other	2.0	7.0	ndd	first	uninterrupted	A	1	19	
driver269	2017-11-01 04:53:00	2017-11-01 04:57:00	4.0	Driving	2.0	7.0	ndd	first	uninterrupted	A	1	19	
driver269	2017-11-01 04:57:00	2017-11-01 05:05:00	8.0	Other	2.0	7.0	ndd	first	uninterrupted	A	1	19	
driver269	2017-11-01 05:05:00	2017-11-01 05:08:00	3.0	Driving	2.0	7.0	ndd	first	uninterrupted	A	1	19	
driver269	2017-11-01 05:08:00	2017-11-01 05:10:00	2.0	Other	2.0	7.0	ndd	first	uninterrupted	A	1	19	
driver269	2017-11-01 05:10:00	2017-11-01 06:42:00	92.0	Break	2.0	7.0	ndd	first	uninterrupted	B_T1	1	19	
driver269	2017-11-01 06:42:00	2017-11-01 06:45:00	3.0	Other	2.0	7.0	ndd	second	split_1	A	1	19	
driver269	2017-11-01 06:45:00	2017-11-01 06:46:00	1.0	Driving	2.0	7.0	ndd	second	split_1	A	1	19	
driver269	2017-11-01 06:46:00	2017-11-01 06:48:00	2.0	Other	2.0	7.0	ndd	second	split_1	A	1	19	
driver269	2017-11-01 06:48:00	2017-11-01 06:49:00	1.0	Driving	2.0	7.0	ndd	second	split_1	A	1	19	
driver269	2017-11-01 06:49:00	2017-11-01 08:35:00	106.0	Break	2.0	7.0	ndd	second	split_1	B_T2	1	19	
driver269	2017-11-01 08:35:00	2017-11-01 08:46:00	11.0	Driving	2.0	7.0	ndd	second	split_2	A	1	19	
driver269	2017-11-01 08:46:00	2017-11-01 08:48:00	2.0	Other	2.0	7.0	ndd	second	split_2	A	1	19	
driver269	2017-11-01 08:48:00	2017-11-01 09:02:00	14.0	Driving	2.0	7.0	ndd	second	split_2	A	1	19	
driver269	2017-11-01 09:07:00	2017-11-01 09:48:00	41.0	Idle	2.0	7.0	ndd	second	split_2	I	1	19	
driver269	2017-11-01 09:48:00	2017-11-01 12:52:00	184.0	Break	2.0	7.0	ndd	second	split_2	DR_T3	1	19	
driver270	2017-01-13 12:34:00	2017-01-13 12:38:00	4.0	Driving	2.0	12.0	ndd	first	uninterrupted	A	1	19	
driver270	2017-01-13 12:38:00	2017-01-13 12:51:00	13.0	Break	2.0	12.0	ndd	first	uninterrupted	B_T0	1	19	
driver270	2017-01-13 12:51:00	2017-01-13 12:55:00	4.0	Driving	2.0	12.0	ndd	first	uninterrupted	A	1	19	
driver270	2017-01-13 12:55:00	2017-01-13 12:57:00	2.0	Other	2.0	12.0	ndd	first	uninterrupted	A	1	19	
driver270	2017-01-13 12:57:00	2017-01-13 12:58:00	1.0	Driving	2.0	12.0	ndd	first	uninterrupted	A	1	19	
driver270	2017-01-13 12:58:00	2017-01-13 15:33:00	155.0	Break	2.0	12.0	ndd	first	uninterrupted	B_T1	1	19	
driver270	2017-01-13 15:33:00	2017-01-13 15:43:00	10.0	Other	2.0	12.0	ndd	second	split_1	A	1	19	
driver270	2017-01-13 15:43:00	2017-01-13 16:12:00	29.0	Driving	2.0	12.0	ndd	second	split_1	A	1	19	
driver270	2017-01-13 20:04:00	2017-01-13 21:01:00	57.0	Break	2.0	12.0	ndd	second	split_1	B_T2	1	19	
driver270	2017-01-14 00:45:00	2017-01-14 09:49:00	544.0	Break	2.0	12.0	ndd	second	split_2	DR_T2	1	19	
driver277	2017-05-01 05:36:00	2017-05-01 05:37:00	1.0	Other	2.0	4.0	ndd	first	uninterrupted	A	1	19	
driver277	2017-05-01 05:37:00	2017-05-01 09:26:00	229.0	Driving	2.0	4.0	ndd	first	uninterrupted	A	1	19	
driver277	2017-05-01 09:26:00	2017-05-01 10:13:00	47.0	Break	2.0	4.0	ndd	first	uninterrupted	B_T1	1	19	
driver277	2017-05-01 10:13:00	2017-05-01 12:43:00	150.0	Driving	2.0	4.0	ndd	second	split_1	A	1	19	
driver277	2017-05-01 12:43:00	2017-05-01 13:31:00	48.0	Break	2.0	4.0	ndd	second	split_1	B_T2	1	19	
driver277	2017-05-01 13:31:00	2017-05-01 16:12:00	161.0	Driving	2.0	4.0	ndd	second	split_2	A	1	19	
driver277	2017-05-01 16:12:00	2017-06-01 04:01:00	709.0	Break	2.0	4.0	ndd	second	split_2	DR_T1	1	19	
driver280	2017-01-14 22:41:00	2017-01-14 22:52:00	11.0	Driving	3.0	8.0	ndd	first	uninterrupted	A	1	19	
driver280	2017-01-14 22:52:00	2017-01-14 22:56:00	4.0	Other	3.0	8.0	ndd	first	uninterrupted	A	1	19	
driver280	2017-01-14 22:56:00	2017-01-14 22:59:00	3.0	Driving	3.0	8.0	ndd	first	uninterrupted	A	1	19	
driver280	2017-01-14 22:59:00	2017-01-14 23:03:00	4.0	Other	3.0	8.0	ndd	first	uninterrupted	A	1	19	
driver280	2017-01-14 23:03:00	2017-01-14 23:04:00	1.0	Driving	3.0	8.0	ndd	first	uninterrupted	A	1	19	
driver280	2017-01-14 23:04:00	2017-01-14 23:06:00	2.0	Break	3.0	8.0	ndd	first	uninterrupted	B_T0	1	19	
driver280	2017-01-14 23:06:00	2017-01-14 23:19:00	13.0	Other	3.0	8.0	ndd	first	uninterrupted	A	1	19	
driver280	2017-01-14 23:19:00	2017-01-15 01:32:00	133.0	Driving	3.0	8.0	ndd	first	uninterrupted	A	1	19	
driver280	2017-01-15 01:32:00	2017-01-15 01:35:00	3.0	Other	3.0	8.0	ndd	first	uninterrupted	A	1	19	
driver280	2017-01-15 01:35:00	2017-01-15 02:54:00	79.0	Driving	3.0	8.0	ndd	first	uninterrupted	A	1	19	
driver280	2017-01-15 02:58:00	2017-01-15 04:27:00	89.0	Break	3.0	8.0	ndd	first	uninterrupted	B_T1	1	19	
driver280	2017-01-15 04:27:00	2017-01-15 08:44:00	257.0	Idle	3.0	8.0	ndd	second	split_1	I	1	19	
driver280	2017-01-15 08:46:00	2017-01-15 08:48:00	2.0	Other	3.0	8.0	ndd	second	split_1	A	1	19	
driver280	2017-01-15 08:48:00	2017-01-15 09:28:00	40.0	Break	3.0	8.0	ndd	second	split_1	B_T2	1	19	
driver280	2017-01-15 09:28:00	2017-01-15 11:23:00	115.0	Driving	3.0	8.0	ndd	second	split_2	A	1	19	
driver280	2017-01-15 11:23:00	2017-01-15 11:34:00	11.0	Break	3.0	8.0	ndd	second	split_2	B_T0	1	19	
driver280	2017-01-15 11:34:00	2017-01-15 13:58:00	144.0	Driving	3.0	8.0	ndd	second	split_2	A	1	19	
driver280	2017-01-15 13:58:00	2017-01-15 14:04:00	6.0	Other	3.0	8.0	ndd	second	split_2	A	1	19	
driver280	2017-01-15 14:08:00	2017-01-15 15:02:00	54.0	Idle	3.0	8.0	ndd	second	split_2	I	1	19	
driver280	2017-01-15 15:02:00	2017-01-16 00:20:00	558.0	Break	3.0	8.0	ndd	second	split_2	DR_T2	1	19	
driver281	2017-08-01 07:02:00	2017-08-01 09:34:00	152.0	Driving	1.0	1.0	ndd	first	uninterrupted	A	1	19	
driver281	2017-08-01 09:34:00	2017-08-01 09:37:00	3.0	Break	1.0	1.0	ndd	first	uninterrupted	B_T0	1	19	
driver281	2017-08-01 09:37:00	2017-08-01 09:53:00	16.0	Driving	1.0	1.0	ndd	first	uninterrupted	A	1	19	
driver281	2017-08-01 09:53:00	2017-08-01 09:55:00	2.0	Break	1.0	1.0	ndd	first	uninterrupted	B_T0	1	19	
driver281	2017-08-01 09:55:00	2017-08-01 11:23:00	88.0	Driving	1.0	1.0	ndd	first	uninterrupted	A	1	19	
driver281	2017-08-01 11:23:00	2017-08-01 12:10:00	47.0	Break	1.0	1.0	ndd	first	uninterrupted	B_T1	1	19	
driver281	2017-08-01 12:10:00	2017-08-01 13:30:00	80.0	Driving	1.0	1.0	ndd	second	split_1	A	1	19	
driver281	2017-08-01 13:30:00	2017-08-01 14:17:00	47.0	Break	1.0	1.0	ndd	second	split_1	B_T2	1	19	
driver281	2017-08-01 14:17:00	2017-08-01 18:24:00	247.0	Driving	1.0	1.0	ndd	second	split_2	A	1	19	
driver281	2017-08-01 18:24:00	2017-09-01 05:35:00	671.0	Break	1.0	1.0	ndd	second	split_2	DR_T1	1	19	
driver285	2017-10-01 16:17:00	2017-10-01 16:38:00	21.0	Driving	4.0	7.0	ndd	first	uninterrupted	A	1	19	
driver285	2017-10-01 16:38:00	2017-10-01 16:42:00	4.0	Break	4.0	7.0	ndd	first	uninterrupted	B_T0	1	19	
driver285	2017-10-01 16:42:00	2017-10-01 16:44:00	2.0	Driving	4.0	7.0	ndd	first	uninterrupted	A	1	19	
driver285	2017-10-01 16:44:00	2017-10-01 16:46:00	2.0	Other	4.0	7.0	ndd	first	uninterrupted	A	1	19	
driver285	2017-10-01 16:46:00	2017-10-01 16:47:00	1.0	Break	4.0	7.0	ndd	first	uninterrupted	B_T0	1	19	
driver285	2017-10-01 16:47:00	2017-10-01 16:48:00	1.0	Driving	4.0	7.0	ndd	first	uninterrupted	A	1	19	
driver285	2017-10-01 16:48:00	2017-10-01 19:20:00	152.0	Break	4.0	7.0	ndd	first	uninterrupted	B_T1	1	19	
driver285	2017-10-01 19:20:00	2017-10-01 19:21:00	1.0	Driving	4.0	7.0	ndd	second	split_1	A	1	19	
driver285	2017-10-01 19:21:00	2017-10-01 21:18:00	117.0	Break	4.0	7.0	ndd	second	split_1	B_T2	1	19	
driver285	2017-10-01 21:18:00	2017-10-01 21:19:00	1.0	Other	4.0	7.0	ndd	second	split_2	A	1	19	
driver285	2017-10-01 21:19:00	2017-10-01 22:08:00	49.0	Driving	4.0	7.0	ndd	second	split_2	A	1	19	
driver285	2017-10-01 22:08:00	2017-11-01 13:38:00	930.0	Break	4.0	7.0	ndd	second	split_2	DR_T1	1	19	
