Driver	DateTimeStart	DateTimeEnd	Duration	Activity	Week	Day	DayType	Sequence	BreakType	Token	Legal	Cluster	ZenoInfo
driver3	2017-04-01 08:45:00	2017-04-01 09:17:00	32.0	Driving	1.0	4.0	none	none	uninterrupted	A	0	18	
driver3	2017-04-01 09:17:00	2017-04-01 09:20:00	3.0	Break	1.0	4.0	none	none	uninterrupted	B_T0	0	18	
driver3	2017-04-01 09:20:00	2017-04-01 11:23:00	123.0	Driving	1.0	4.0	none	none	uninterrupted	A	0	18	
driver3	2017-04-01 11:23:00	2017-04-01 11:35:00	12.0	Break	1.0	4.0	none	none	uninterrupted	B_T0	0	18	
driver3	2017-04-01 11:35:00	2017-04-01 12:53:00	78.0	Driving	1.0	4.0	none	none	uninterrupted	A	0	18	
driver3	2017-04-01 12:53:00	2017-04-01 12:56:00	3.0	Break	1.0	4.0	none	none	uninterrupted	B_T0	0	18	
driver3	2017-04-01 12:56:00	2017-04-01 12:58:00	2.0	Driving	1.0	4.0	none	none	uninterrupted	A	0	18	
driver3	2017-04-01 12:58:00	2017-04-01 13:06:00	8.0	Break	1.0	4.0	none	none	uninterrupted	B_T0	0	18	
driver3	2017-04-01 13:06:00	2017-04-01 13:09:00	3.0	Driving	1.0	4.0	none	none	uninterrupted	A	0	18	
driver3	2017-04-01 13:09:00	2017-04-01 13:10:00	1.0	Other	1.0	4.0	none	none	uninterrupted	A	0	18	
driver3	2017-04-01 13:10:00	2017-04-01 14:13:00	63.0	Break	1.0	4.0	none	none	uninterrupted	B_T1	0	18	
driver3	2017-04-01 14:13:00	2017-04-01 14:14:00	1.0	Other	1.0	4.0	edd	first	split_1	A	1	18	
driver3	2017-04-01 14:14:00	2017-04-01 14:43:00	29.0	Break	1.0	4.0	edd	first	split_1	B_T2	1	18	
driver3	2017-04-01 14:43:00	2017-04-01 14:45:00	2.0	Driving	1.0	4.0	edd	first	split_2	A	1	18	
driver3	2017-04-01 14:45:00	2017-04-01 14:48:00	3.0	Other	1.0	4.0	edd	first	split_2	A	1	18	
driver3	2017-04-01 14:48:00	2017-04-01 15:48:00	60.0	Break	1.0	4.0	edd	first	split_2	B_T3	1	18	
driver3	2017-04-01 15:48:00	2017-04-01 16:23:00	35.0	Driving	1.0	4.0	edd	second	uninterrupted	A	1	18	
driver3	2017-04-01 16:23:00	2017-04-01 18:12:00	109.0	Break	1.0	4.0	edd	second	uninterrupted	B_T1	1	18	
driver3	2017-04-01 18:12:00	2017-04-01 19:02:00	50.0	Driving	1.0	4.0	edd	third	split_1	A	1	18	
driver3	2017-04-01 19:02:00	2017-04-01 19:33:00	31.0	Break	1.0	4.0	edd	third	split_1	B_T2	1	18	
driver3	2017-04-01 19:33:00	2017-04-01 23:32:00	239.0	Driving	1.0	4.0	edd	third	split_2	A	1	18	
driver3	2017-04-01 23:32:00	2017-07-01 23:54:00	4342.0	Break	1.0	4.0	edd	third	split_2	WR_T1	1	18	
driver3	2017-08-01 21:38:00	2017-12-01 04:17:00	4719.0	Break	2.0	5.0	ndd	unique	uninterrupted	WR_T1	1	18	
driver9	2017-12-01 07:20:00	2017-12-01 10:04:00	164.0	Driving	3.0	10.0	edd	first	uninterrupted	A	1	18	
driver9	2017-12-01 10:04:00	2017-12-01 10:50:00	46.0	Break	3.0	10.0	edd	first	uninterrupted	B_T1	1	18	
driver9	2017-12-01 10:50:00	2017-12-01 14:57:00	247.0	Driving	3.0	10.0	edd	second	uninterrupted	A	1	18	
driver9	2017-12-01 14:57:00	2017-12-01 15:53:00	56.0	Break	3.0	10.0	edd	second	uninterrupted	B_T1	1	18	
driver9	2017-12-01 15:53:00	2017-12-01 18:39:00	166.0	Driving	3.0	10.0	edd	third	uninterrupted	A	1	18	
driver9	2017-12-01 18:39:00	2017-01-13 04:22:00	583.0	Break	3.0	10.0	edd	third	uninterrupted	DR_T2	1	18	
driver43	2017-03-01 20:12:00	2017-03-01 20:14:00	2.0	Break	1.0	2.0	ndd	unique	uninterrupted	B_T0	1	18	
driver43	2017-03-01 20:32:00	2017-03-01 20:34:00	2.0	Break	1.0	2.0	ndd	unique	uninterrupted	B_T0	1	18	
driver43	2017-03-01 22:46:00	2017-04-01 08:28:00	582.0	Break	1.0	2.0	ndd	unique	uninterrupted	DR_T4	1	18	
driver43	2017-12-01 04:25:00	2017-12-01 04:27:00	2.0	Break	2.0	9.0	edd	first	split_1	B_T0	1	18	
driver43	2017-12-01 04:31:00	2017-12-01 04:38:00	7.0	Break	2.0	9.0	edd	first	split_1	B_T0	1	18	
driver43	2017-12-01 04:43:00	2017-12-01 04:44:00	1.0	Break	2.0	9.0	edd	first	split_1	B_T0	1	18	
driver43	2017-12-01 04:51:00	2017-12-01 05:24:00	33.0	Break	2.0	9.0	edd	first	split_1	B_T2	1	18	
driver43	2017-12-01 05:49:00	2017-12-01 05:56:00	7.0	Break	2.0	9.0	edd	first	split_2	B_T0	1	18	
driver43	2017-12-01 06:13:00	2017-12-01 06:14:00	1.0	Break	2.0	9.0	edd	first	split_2	B_T0	1	18	
driver43	2017-12-01 06:32:00	2017-12-01 06:39:00	7.0	Break	2.0	9.0	edd	first	split_2	B_T0	1	18	
driver43	2017-12-01 06:53:00	2017-12-01 07:55:00	62.0	Break	2.0	9.0	edd	first	split_2	B_T3	1	18	
driver43	2017-12-01 07:56:00	2017-12-01 07:57:00	1.0	Break	2.0	9.0	edd	second	uninterrupted	B_T0	1	18	
driver43	2017-12-01 08:34:00	2017-12-01 09:37:00	63.0	Break	2.0	9.0	edd	second	uninterrupted	B_T1	1	18	
driver43	2017-12-01 09:37:00	2017-12-01 09:40:00	3.0	Driving	2.0	9.0	edd	third	split_1	A	1	18	
driver43	2017-12-01 09:40:00	2017-12-01 12:17:00	157.0	Break	2.0	9.0	edd	third	split_1	B_T2	1	18	
driver43	2017-12-01 12:17:00	2017-12-01 12:20:00	3.0	Other	2.0	9.0	edd	third	split_2	A	1	18	
driver43	2017-12-01 12:20:00	2017-12-01 12:21:00	1.0	Driving	2.0	9.0	edd	third	split_2	A	1	18	
driver43	2017-12-01 12:21:00	2017-12-01 12:24:00	3.0	Other	2.0	9.0	edd	third	split_2	A	1	18	
driver43	2017-12-01 12:24:00	2017-12-01 12:25:00	1.0	Driving	2.0	9.0	edd	third	split_2	A	1	18	
driver43	2017-12-01 12:25:00	2017-12-01 12:31:00	6.0	Other	2.0	9.0	edd	third	split_2	A	1	18	
driver43	2017-12-01 12:31:00	2017-12-01 12:35:00	4.0	Driving	2.0	9.0	edd	third	split_2	A	1	18	
driver43	2017-12-01 12:35:00	2017-12-01 12:41:00	6.0	Other	2.0	9.0	edd	third	split_2	A	1	18	
driver43	2017-12-01 12:41:00	2017-12-01 12:43:00	2.0	Break	2.0	9.0	edd	third	split_2	B_T0	1	18	
driver43	2017-12-01 12:43:00	2017-12-01 12:47:00	4.0	Driving	2.0	9.0	edd	third	split_2	A	1	18	
driver43	2017-12-01 12:47:00	2017-12-01 12:49:00	2.0	Other	2.0	9.0	edd	third	split_2	A	1	18	
driver43	2017-12-01 12:49:00	2017-12-01 13:07:00	18.0	Driving	2.0	9.0	edd	third	split_2	A	1	18	
driver43	2017-12-01 13:07:00	2017-01-13 04:09:00	902.0	Break	2.0	9.0	edd	third	split_2	DR_T1	1	18	
driver53	2017-08-01 10:35:00	2017-08-01 14:53:00	258.0	Driving	2.0	4.0	edd	first	uninterrupted	A	1	18	
driver53	2017-08-01 14:53:00	2017-08-01 15:47:00	54.0	Break	2.0	4.0	edd	first	uninterrupted	B_T1	1	18	
driver53	2017-08-01 15:47:00	2017-08-01 20:11:00	264.0	Driving	2.0	4.0	edd	second	uninterrupted	A	1	18	
driver53	2017-08-01 20:11:00	2017-08-01 20:57:00	46.0	Break	2.0	4.0	edd	second	uninterrupted	B_T1	1	18	
driver53	2017-08-01 20:57:00	2017-08-01 21:36:00	39.0	Driving	2.0	4.0	edd	third	split_1	A	1	18	
driver53	2017-08-01 21:36:00	2017-08-01 21:54:00	18.0	Break	2.0	4.0	edd	third	split_1	B_T2	1	18	
driver53	2017-08-01 21:54:00	2017-08-01 21:58:00	4.0	Other	2.0	4.0	edd	third	split_2	A	1	18	
driver53	2017-08-01 21:58:00	2017-08-01 21:59:00	1.0	Driving	2.0	4.0	edd	third	split_2	A	1	18	
driver53	2017-08-01 21:59:00	2017-08-01 22:02:00	3.0	Break	2.0	4.0	edd	third	split_2	B_T0	1	18	
driver53	2017-08-01 22:02:00	2017-08-01 22:03:00	1.0	Driving	2.0	4.0	edd	third	split_2	A	1	18	
driver53	2017-08-01 22:03:00	2017-08-01 22:17:00	14.0	Break	2.0	4.0	edd	third	split_2	B_T0	1	18	
driver53	2017-08-01 22:17:00	2017-08-01 22:20:00	3.0	Driving	2.0	4.0	edd	third	split_2	A	1	18	
driver53	2017-08-01 22:20:00	2017-11-01 12:28:00	3728.0	Break	2.0	4.0	edd	third	split_2	WR_T1	1	18	
driver56	2017-01-13 05:21:00	2017-01-13 05:22:00	1.0	Driving	2.0	13.0	edd	first	uninterrupted	A	1	18	
driver56	2017-01-13 05:22:00	2017-01-13 05:24:00	2.0	Other	2.0	13.0	edd	first	uninterrupted	A	1	18	
driver56	2017-01-13 05:24:00	2017-01-13 09:40:00	256.0	Driving	2.0	13.0	edd	first	uninterrupted	A	1	18	
driver56	2017-01-13 09:40:00	2017-01-13 10:29:00	49.0	Break	2.0	13.0	edd	first	uninterrupted	B_T1	1	18	
driver56	2017-01-13 10:29:00	2017-01-13 14:53:00	264.0	Driving	2.0	13.0	edd	second	uninterrupted	A	1	18	
driver56	2017-01-13 14:53:00	2017-01-13 15:40:00	47.0	Break	2.0	13.0	edd	second	uninterrupted	B_T1	1	18	
driver56	2017-01-13 15:40:00	2017-01-13 16:46:00	66.0	Driving	2.0	13.0	edd	third	uninterrupted	A	1	18	
driver56	2017-01-13 16:46:00	2017-01-13 16:47:00	1.0	Other	2.0	13.0	edd	third	uninterrupted	A	1	18	
driver56	2017-01-13 16:47:00	2017-01-14 04:11:00	684.0	Break	2.0	13.0	edd	third	uninterrupted	DR_T1	1	18	
driver58	2017-01-13 06:04:00	2017-01-13 10:20:00	256.0	Driving	3.0	10.0	edd	first	uninterrupted	A	1	18	
driver58	2017-01-13 10:20:00	2017-01-13 11:14:00	54.0	Break	3.0	10.0	edd	first	uninterrupted	B_T1	1	18	
driver58	2017-01-13 11:14:00	2017-01-13 13:45:00	151.0	Driving	3.0	10.0	edd	second	uninterrupted	A	1	18	
driver58	2017-01-13 13:45:00	2017-01-13 13:47:00	2.0	Other	3.0	10.0	edd	second	uninterrupted	A	1	18	
driver58	2017-01-13 13:47:00	2017-01-13 15:43:00	116.0	Driving	3.0	10.0	edd	second	uninterrupted	A	1	18	
driver58	2017-01-13 15:43:00	2017-01-13 16:30:00	47.0	Break	3.0	10.0	edd	second	uninterrupted	B_T1	1	18	
driver58	2017-01-13 16:30:00	2017-01-13 17:37:00	67.0	Driving	3.0	10.0	edd	third	uninterrupted	A	1	18	
driver58	2017-01-13 17:37:00	2017-01-14 04:51:00	674.0	Break	3.0	10.0	edd	third	uninterrupted	DR_T1	1	18	
driver60	2017-11-01 03:42:00	2017-11-01 07:59:00	257.0	Driving	2.0	9.0	edd	first	uninterrupted	A	1	18	
driver60	2017-11-01 07:59:00	2017-11-01 08:47:00	48.0	Break	2.0	9.0	edd	first	uninterrupted	B_T1	1	18	
driver60	2017-11-01 08:47:00	2017-11-01 10:51:00	124.0	Driving	2.0	9.0	edd	second	uninterrupted	A	1	18	
driver60	2017-11-01 10:51:00	2017-11-01 10:59:00	8.0	Other	2.0	9.0	edd	second	uninterrupted	A	1	18	
driver60	2017-11-01 10:59:00	2017-11-01 11:00:00	1.0	Driving	2.0	9.0	edd	second	uninterrupted	A	1	18	
driver60	2017-11-01 11:00:00	2017-11-01 11:06:00	6.0	Other	2.0	9.0	edd	second	uninterrupted	A	1	18	
driver60	2017-11-01 11:06:00	2017-11-01 11:08:00	2.0	Driving	2.0	9.0	edd	second	uninterrupted	A	1	18	
driver60	2017-11-01 11:08:00	2017-11-01 11:10:00	2.0	Other	2.0	9.0	edd	second	uninterrupted	A	1	18	
driver60	2017-11-01 11:10:00	2017-11-01 12:53:00	103.0	Break	2.0	9.0	edd	second	uninterrupted	B_T1	1	18	
driver60	2017-11-01 12:53:00	2017-11-01 12:56:00	3.0	Other	2.0	9.0	edd	third	split_1	A	1	18	
driver60	2017-11-01 12:56:00	2017-11-01 12:57:00	1.0	Driving	2.0	9.0	edd	third	split_1	A	1	18	
driver60	2017-11-01 12:57:00	2017-11-01 13:22:00	25.0	Break	2.0	9.0	edd	third	split_1	B_T2	1	18	
driver60	2017-11-01 13:22:00	2017-11-01 13:24:00	2.0	Other	2.0	9.0	edd	third	split_2	A	1	18	
driver60	2017-11-01 13:24:00	2017-11-01 16:10:00	166.0	Driving	2.0	9.0	edd	third	split_2	A	1	18	
driver60	2017-11-01 16:10:00	2017-11-01 16:12:00	2.0	Other	2.0	9.0	edd	third	split_2	A	1	18	
driver60	2017-11-01 16:12:00	2017-11-01 16:14:00	2.0	Driving	2.0	9.0	edd	third	split_2	A	1	18	
driver60	2017-11-01 16:14:00	2017-11-01 16:15:00	1.0	Other	2.0	9.0	edd	third	split_2	A	1	18	
driver60	2017-11-01 16:15:00	2017-01-13 17:07:00	2932.0	Break	2.0	9.0	edd	third	split_2	WR_T1	1	18	
driver62	2017-04-01 05:59:00	2017-04-01 15:01:00	542.0	Break	1.0	1.0	ndd	unique	uninterrupted	DR_T2	1	18	
driver64	2017-01-15 23:42:00	2017-01-15 23:44:00	2.0	Break	3.0	11.0	ndd	first	uninterrupted	B_T0	1	18	
driver64	2017-01-15 23:44:00	2017-01-16 03:47:00	243.0	Idle	3.0	11.0	ndd	first	uninterrupted	I	1	18	
driver64	2017-01-16 03:47:00	2017-01-16 04:32:00	45.0	Sug-Break	3.0	11.0	ndd	first	uninterrupted	B_T1	1	18	
driver64	2017-01-16 04:32:00	2017-01-16 15:32:00	660.0	Sug-Break	3.0	11.0	ndd	second	uninterrupted	DR_T1	1	18	
driver67	2017-03-01 06:35:00	2017-03-01 09:26:00	171.0	Driving	1.0	3.0	edd	first	uninterrupted	A	1	18	
driver67	2017-03-01 09:26:00	2017-03-01 09:28:00	2.0	Other	1.0	3.0	edd	first	uninterrupted	A	1	18	
driver67	2017-03-01 09:28:00	2017-03-01 10:17:00	49.0	Driving	1.0	3.0	edd	first	uninterrupted	A	1	18	
driver67	2017-03-01 10:17:00	2017-03-01 11:07:00	50.0	Break	1.0	3.0	edd	first	uninterrupted	B_T1	1	18	
driver67	2017-03-01 11:07:00	2017-03-01 12:23:00	76.0	Driving	1.0	3.0	edd	second	uninterrupted	A	1	18	
driver67	2017-03-01 12:23:00	2017-03-01 12:25:00	2.0	Other	1.0	3.0	edd	second	uninterrupted	A	1	18	
driver67	2017-03-01 12:25:00	2017-03-01 13:41:00	76.0	Driving	1.0	3.0	edd	second	uninterrupted	A	1	18	
driver67	2017-03-01 13:41:00	2017-03-01 13:43:00	2.0	Other	1.0	3.0	edd	second	uninterrupted	A	1	18	
driver67	2017-03-01 13:43:00	2017-03-01 13:48:00	5.0	Driving	1.0	3.0	edd	second	uninterrupted	A	1	18	
driver67	2017-03-01 13:48:00	2017-03-01 14:38:00	50.0	Break	1.0	3.0	edd	second	uninterrupted	B_T1	1	18	
driver67	2017-03-01 14:38:00	2017-03-01 17:48:00	190.0	Driving	1.0	3.0	edd	third	uninterrupted	A	1	18	
driver67	2017-03-01 17:48:00	2017-04-01 03:00:00	552.0	Break	1.0	3.0	edd	third	uninterrupted	DR_T2	1	18	
driver70	2017-04-01 01:38:00	2017-04-01 01:45:00	7.0	Break	1.0	1.0	ndd	unique	uninterrupted	B_T0	1	18	
driver70	2017-04-01 01:47:00	2017-04-01 18:47:00	1020.0	Break	1.0	1.0	ndd	unique	uninterrupted	DR_T1	1	18	
driver72	2017-05-01 11:01:00	2017-05-01 11:04:00	3.0	Idle	1.0	4.0	edd	first	split_1	I	1	18	
driver72	2017-05-01 11:04:00	2017-05-01 11:12:00	8.0	Break	1.0	4.0	edd	first	split_1	B_T0	1	18	
driver72	2017-05-01 11:12:00	2017-05-01 11:16:00	4.0	Idle	1.0	4.0	edd	first	split_1	I	1	18	
driver72	2017-05-01 11:16:00	2017-05-01 11:47:00	31.0	Break	1.0	4.0	edd	first	split_1	B_T2	1	18	
driver72	2017-05-01 11:47:00	2017-05-01 11:48:00	1.0	Idle	1.0	4.0	edd	first	split_2	I	1	18	
driver72	2017-05-01 11:48:00	2017-05-01 12:21:00	33.0	Break	1.0	4.0	edd	first	split_2	B_T3	1	18	
driver72	2017-05-01 12:21:00	2017-05-01 12:26:00	5.0	Idle	1.0	4.0	edd	second	uninterrupted	I	1	18	
driver72	2017-05-01 12:26:00	2017-05-01 13:34:00	68.0	Break	1.0	4.0	edd	second	uninterrupted	B_T1	1	18	
driver72	2017-05-01 13:34:00	2017-05-01 13:35:00	1.0	Idle	1.0	4.0	edd	third	split_1	I	1	18	
driver72	2017-05-01 13:35:00	2017-05-01 14:33:00	58.0	Break	1.0	4.0	edd	third	split_1	B_T2	1	18	
driver72	2017-05-01 14:33:00	2017-05-01 15:10:00	37.0	Idle	1.0	4.0	edd	third	split_2	I	1	18	
driver72	2017-05-01 15:10:00	2017-05-01 15:18:00	8.0	Break	1.0	4.0	edd	third	split_2	B_T0	1	18	
driver72	2017-05-01 15:18:00	2017-05-01 19:00:00	222.0	Idle	1.0	4.0	edd	third	split_2	I	1	18	
driver72	2017-05-01 19:00:00	2017-05-01 19:04:00	4.0	Break	1.0	4.0	edd	third	split_2	B_T0	1	18	
driver72	2017-05-01 19:05:00	2017-05-01 19:09:00	4.0	Break	1.0	4.0	edd	third	split_2	B_T0	1	18	
driver72	2017-05-01 19:09:00	2017-05-01 23:25:00	256.0	Driving	1.0	4.0	edd	third	split_2	A	1	18	
driver72	2017-05-01 23:25:00	2017-05-01 23:26:00	1.0	Break	1.0	4.0	edd	third	split_2	B_T0	1	18	
driver72	2017-05-01 23:30:00	2017-05-01 23:36:00	6.0	Break	1.0	4.0	edd	third	split_2	B_T0	1	18	
driver72	2017-05-01 23:36:00	2017-06-01 03:36:00	240.0	Idle	1.0	4.0	edd	third	split_2	I	1	18	
driver72	2017-06-01 03:36:00	2017-06-01 03:37:00	1.0	Break	1.0	4.0	edd	third	split_2	B_T0	1	18	
driver72	2017-06-01 03:39:00	2017-06-01 03:41:00	2.0	Break	1.0	4.0	edd	third	split_2	B_T0	1	18	
driver72	2017-06-01 03:41:00	2017-06-01 04:56:00	75.0	Driving	1.0	4.0	edd	third	split_2	A	1	18	
driver72	2017-06-01 04:56:00	2017-06-01 13:59:00	543.0	Break	1.0	4.0	edd	third	split_2	DR_T2	1	18	
driver74	2017-01-13 05:33:00	2017-01-13 09:46:00	253.0	Driving	2.0	9.0	edd	first	uninterrupted	A	1	18	
driver74	2017-01-13 09:46:00	2017-01-13 10:33:00	47.0	Break	2.0	9.0	edd	first	uninterrupted	B_T1	1	18	
driver74	2017-01-13 10:33:00	2017-01-13 14:45:00	252.0	Driving	2.0	9.0	edd	second	uninterrupted	A	1	18	
driver74	2017-01-13 14:45:00	2017-01-13 15:32:00	47.0	Break	2.0	9.0	edd	second	uninterrupted	B_T1	1	18	
driver74	2017-01-13 15:32:00	2017-01-13 16:49:00	77.0	Driving	2.0	9.0	edd	third	uninterrupted	A	1	18	
driver74	2017-01-13 16:49:00	2017-01-13 16:53:00	4.0	Other	2.0	9.0	edd	third	uninterrupted	A	1	18	
driver74	2017-01-13 16:53:00	2017-01-13 16:56:00	3.0	Driving	2.0	9.0	edd	third	uninterrupted	A	1	18	
driver74	2017-01-13 16:56:00	2017-01-13 16:58:00	2.0	Other	2.0	9.0	edd	third	uninterrupted	A	1	18	
driver74	2017-01-13 16:58:00	2017-01-14 04:01:00	663.0	Break	2.0	9.0	edd	third	uninterrupted	DR_T1	1	18	
driver78	2017-01-01 15:42:00	2017-04-01 23:51:00	4809.0	Break	1.0	1.0	ndd	unique	uninterrupted	WR_T1	1	18	
driver78	2017-06-01 15:55:00	2017-10-01 23:51:00	6236.0	Break	2.0	2.0	ndd	unique	uninterrupted	WR_T1	1	18	
driver85	2017-01-15 18:48:00	2017-01-15 19:01:00	13.0	Break	4.0	12.0	ndd	unique	split_1	B_T0	1	18	
driver85	2017-01-15 19:01:00	2017-01-15 21:16:00	135.0	Idle	4.0	12.0	ndd	unique	split_1	I	1	18	
driver85	2017-01-15 21:16:00	2017-01-15 21:41:00	25.0	Break	4.0	12.0	ndd	unique	split_1	B_T2	1	18	
driver85	2017-01-15 21:41:00	2017-01-15 22:37:00	56.0	Idle	4.0	12.0	ndd	unique	split_2	I	1	18	
driver85	2017-01-15 22:37:00	2017-01-16 16:05:00	1048.0	Break	4.0	12.0	ndd	unique	split_2	DR_T1	1	18	
driver88	2017-01-13 23:28:00	2017-01-13 23:29:00	1.0	Other	4.0	8.0	edd	first	uninterrupted	A	1	18	
driver88	2017-01-13 23:29:00	2017-01-13 23:33:00	4.0	Driving	4.0	8.0	edd	first	uninterrupted	A	1	18	
driver88	2017-01-13 23:33:00	2017-01-13 23:47:00	14.0	Other	4.0	8.0	edd	first	uninterrupted	A	1	18	
driver88	2017-01-13 23:47:00	2017-01-14 03:42:00	235.0	Driving	4.0	8.0	edd	first	uninterrupted	A	1	18	
driver88	2017-01-14 03:42:00	2017-01-14 04:34:00	52.0	Break	4.0	8.0	edd	first	uninterrupted	B_T1	1	18	
driver88	2017-01-14 04:34:00	2017-01-14 07:42:00	188.0	Driving	4.0	8.0	edd	second	uninterrupted	A	1	18	
driver88	2017-01-14 07:42:00	2017-01-14 08:31:00	49.0	Break	4.0	8.0	edd	second	uninterrupted	B_T1	1	18	
driver88	2017-01-14 08:31:00	2017-01-14 11:08:00	157.0	Driving	4.0	8.0	edd	third	uninterrupted	A	1	18	
driver88	2017-01-14 11:08:00	2017-01-14 20:10:00	542.0	Break	4.0	8.0	edd	third	uninterrupted	DR_T2	1	18	
driver89	2017-04-01 06:33:00	2017-04-01 07:59:00	86.0	Idle	1.0	2.0	ndd	unique	uninterrupted	I	1	18	
driver89	2017-04-01 07:59:00	2017-04-01 11:43:00	224.0	Break	1.0	2.0	ndd	unique	uninterrupted	DR_T3	1	18	
driver89	2017-12-01 10:13:00	2017-12-01 10:17:00	4.0	Idle	2.0	8.0	ndd	unique	uninterrupted	I	1	18	
driver89	2017-12-01 10:17:00	2017-01-13 08:06:00	1309.0	Break	2.0	8.0	ndd	unique	uninterrupted	DR_T1	1	18	
driver89	2017-01-13 08:06:00	2017-01-13 08:47:00	41.0	Idle	2.0	9.0	none	none	uninterrupted	I	0	18	
driver89	2017-01-13 08:47:00	2017-01-13 09:32:00	45.0	Break	2.0	9.0	none	none	uninterrupted	B_T1	0	18	
driver89	2017-01-13 09:32:00	2017-01-13 10:50:00	78.0	Idle	2.0	9.0	edd	first	split_1	I	1	18	
driver89	2017-01-13 10:50:00	2017-01-13 11:17:00	27.0	Break	2.0	9.0	edd	first	split_1	B_T2	1	18	
driver89	2017-01-13 11:17:00	2017-01-13 11:33:00	16.0	Idle	2.0	9.0	edd	first	split_2	I	1	18	
driver89	2017-01-13 11:33:00	2017-01-13 12:23:00	50.0	Break	2.0	9.0	edd	first	split_2	B_T3	1	18	
driver89	2017-01-13 12:23:00	2017-01-13 12:41:00	18.0	Idle	2.0	9.0	edd	second	uninterrupted	I	1	18	
driver89	2017-01-13 12:41:00	2017-01-13 12:52:00	11.0	Break	2.0	9.0	edd	second	uninterrupted	B_T0	1	18	
driver89	2017-01-13 12:52:00	2017-01-13 13:02:00	10.0	Idle	2.0	9.0	edd	second	uninterrupted	I	1	18	
driver89	2017-01-13 13:02:00	2017-01-13 14:27:00	85.0	Break	2.0	9.0	edd	second	uninterrupted	B_T1	1	18	
driver89	2017-01-13 14:27:00	2017-01-13 17:54:00	207.0	Idle	2.0	9.0	edd	third	split_1	I	1	18	
driver89	2017-01-13 17:56:00	2017-01-13 17:57:00	1.0	Other	2.0	9.0	edd	third	split_1	A	1	18	
driver89	2017-01-13 17:57:00	2017-01-13 22:18:00	261.0	Driving	2.0	9.0	edd	third	split_1	A	1	18	
driver89	2017-01-13 22:22:00	2017-01-13 22:44:00	22.0	Idle	2.0	9.0	edd	third	split_1	I	1	18	
driver89	2017-01-13 22:44:00	2017-01-13 22:57:00	13.0	Break	2.0	9.0	edd	third	split_1	B_T0	1	18	
driver89	2017-01-13 22:57:00	2017-01-14 00:38:00	101.0	Idle	2.0	9.0	edd	third	split_1	I	1	18	
driver89	2017-01-14 00:38:00	2017-01-14 00:53:00	15.0	Break	2.0	9.0	edd	third	split_1	B_T2	1	18	
driver89	2017-01-14 00:53:00	2017-01-14 03:01:00	128.0	Idle	2.0	9.0	edd	third	split_2	I	1	18	
driver89	2017-01-14 03:03:00	2017-01-14 03:26:00	23.0	Other	2.0	9.0	edd	third	split_2	A	1	18	
driver89	2017-01-14 03:26:00	2017-01-14 04:21:00	55.0	Driving	2.0	9.0	edd	third	split_2	A	1	18	
driver89	2017-01-14 04:21:00	2017-01-14 04:26:00	5.0	Other	2.0	9.0	edd	third	split_2	A	1	18	
driver89	2017-01-14 04:26:00	2017-01-14 13:32:00	546.0	Break	2.0	9.0	edd	third	split_2	DR_T2	1	18	
driver94	2017-06-01 05:43:00	2017-06-01 10:00:00	257.0	Driving	2.0	5.0	edd	first	uninterrupted	A	1	18	
driver94	2017-06-01 10:00:00	2017-06-01 10:48:00	48.0	Break	2.0	5.0	edd	first	uninterrupted	B_T1	1	18	
driver94	2017-06-01 10:48:00	2017-06-01 15:05:00	257.0	Driving	2.0	5.0	edd	second	uninterrupted	A	1	18	
driver94	2017-06-01 15:05:00	2017-06-01 15:52:00	47.0	Break	2.0	5.0	edd	second	uninterrupted	B_T1	1	18	
driver94	2017-06-01 15:52:00	2017-06-01 17:13:00	81.0	Driving	2.0	5.0	edd	third	uninterrupted	A	1	18	
driver94	2017-06-01 17:13:00	2017-06-01 17:21:00	8.0	Other	2.0	5.0	edd	third	uninterrupted	A	1	18	
driver94	2017-06-01 17:21:00	2017-06-01 17:22:00	1.0	Driving	2.0	5.0	edd	third	uninterrupted	A	1	18	
driver94	2017-06-01 17:22:00	2017-07-01 12:29:00	1147.0	Break	2.0	5.0	edd	third	uninterrupted	DR_T1	1	18	
driver102	2017-03-01 20:04:00	2017-05-01 17:32:00	2728.0	Break	1.0	1.0	ndd	unique	uninterrupted	WR_T1	1	18	
driver104	2017-10-01 20:03:00	2017-10-01 20:17:00	14.0	Break	2.0	7.0	ndd	unique	uninterrupted	B_T0	1	18	
driver104	2017-10-01 21:01:00	2017-11-01 14:27:00	1046.0	Break	2.0	7.0	ndd	unique	uninterrupted	DR_T4	1	18	
driver105	2017-11-01 21:25:00	2017-11-01 22:04:00	39.0	Idle	3.0	9.0	ndd	unique	split_1	I	1	18	
driver105	2017-11-01 22:04:00	2017-11-01 22:20:00	16.0	Break	3.0	9.0	ndd	unique	split_1	B_T2	1	18	
driver105	2017-11-01 22:20:00	2017-11-01 22:24:00	4.0	Idle	3.0	9.0	ndd	unique	split_2	I	1	18	
driver105	2017-11-01 22:24:00	2017-11-01 22:35:00	11.0	Break	3.0	9.0	ndd	unique	split_2	B_T0	1	18	
driver105	2017-11-01 22:35:00	2017-11-01 22:59:00	24.0	Idle	3.0	9.0	ndd	unique	split_2	I	1	18	
driver105	2017-11-01 22:59:00	2017-11-01 23:09:00	10.0	Break	3.0	9.0	ndd	unique	split_2	B_T0	1	18	
driver105	2017-11-01 23:09:00	2017-11-01 23:45:00	36.0	Idle	3.0	9.0	ndd	unique	split_2	I	1	18	
driver105	2017-11-01 23:45:00	2017-11-01 23:56:00	11.0	Break	3.0	9.0	ndd	unique	split_2	B_T0	1	18	
driver105	2017-11-01 23:56:00	2017-12-01 00:06:00	10.0	Idle	3.0	9.0	ndd	unique	split_2	I	1	18	
driver105	2017-12-01 00:06:00	2017-12-01 19:45:00	1179.0	Break	3.0	9.0	ndd	unique	split_2	DR_T1	1	18	
driver107	2017-01-15 22:46:00	2017-01-15 22:48:00	2.0	Break	4.0	13.0	ndd	first	uninterrupted	B_T0	1	18	
driver107	2017-01-15 22:48:00	2017-01-16 01:48:00	180.0	Idle	4.0	13.0	ndd	first	uninterrupted	I	1	18	
driver107	2017-01-16 01:48:00	2017-01-16 02:33:00	45.0	Sug-Break	4.0	13.0	ndd	first	uninterrupted	B_T1	1	18	
driver107	2017-01-16 02:33:00	2017-01-16 13:33:00	660.0	Sug-Break	4.0	13.0	ndd	second	uninterrupted	DR_T1	1	18	
driver109	2017-05-01 07:53:00	2017-05-01 08:03:00	10.0	Idle	1.0	4.0	edd	first	split_1	I	1	18	
driver109	2017-05-01 08:03:00	2017-05-01 09:21:00	78.0	Break	1.0	4.0	edd	first	split_1	B_T2	1	18	
driver109	2017-05-01 09:21:00	2017-05-01 09:29:00	8.0	Idle	1.0	4.0	edd	first	split_2	I	1	18	
driver109	2017-05-01 09:29:00	2017-05-01 10:13:00	44.0	Break	1.0	4.0	edd	first	split_2	B_T3	1	18	
driver109	2017-05-01 10:13:00	2017-05-01 10:18:00	5.0	Idle	1.0	4.0	edd	second	split_1	I	1	18	
driver109	2017-05-01 10:18:00	2017-05-01 12:12:00	114.0	Break	1.0	4.0	edd	second	split_1	B_T2	1	18	
driver109	2017-05-01 12:12:00	2017-05-01 12:18:00	6.0	Idle	1.0	4.0	edd	second	split_2	I	1	18	
driver109	2017-05-01 12:18:00	2017-05-01 12:19:00	1.0	Break	1.0	4.0	edd	second	split_2	B_T0	1	18	
driver109	2017-05-01 12:19:00	2017-05-01 12:25:00	6.0	Idle	1.0	4.0	edd	second	split_2	I	1	18	
driver109	2017-05-01 12:25:00	2017-05-01 13:38:00	73.0	Break	1.0	4.0	edd	second	split_2	B_T3	1	18	
driver109	2017-05-01 13:38:00	2017-05-01 13:44:00	6.0	Idle	1.0	4.0	edd	third	split_1	I	1	18	
driver109	2017-05-01 13:44:00	2017-05-01 14:01:00	17.0	Other	1.0	4.0	edd	third	split_1	A	1	18	
driver109	2017-05-01 14:01:00	2017-05-01 14:34:00	33.0	Break	1.0	4.0	edd	third	split_1	B_T2	1	18	
driver109	2017-05-01 14:34:00	2017-05-01 14:41:00	7.0	Idle	1.0	4.0	edd	third	split_2	I	1	18	
driver109	2017-05-01 14:41:00	2017-05-01 14:46:00	5.0	Break	1.0	4.0	edd	third	split_2	B_T0	1	18	
driver109	2017-05-01 14:46:00	2017-05-01 16:49:00	123.0	Idle	1.0	4.0	edd	third	split_2	I	1	18	
driver109	2017-05-01 16:49:00	2017-05-01 16:52:00	3.0	Other	1.0	4.0	edd	third	split_2	A	1	18	
driver109	2017-05-01 16:52:00	2017-05-01 16:54:00	2.0	Idle	1.0	4.0	edd	third	split_2	I	1	18	
driver109	2017-05-01 16:54:00	2017-05-01 17:02:00	8.0	Other	1.0	4.0	edd	third	split_2	A	1	18	
driver109	2017-05-01 17:02:00	2017-05-01 17:03:00	1.0	Break	1.0	4.0	edd	third	split_2	B_T0	1	18	
driver109	2017-05-01 17:03:00	2017-05-01 17:12:00	9.0	Idle	1.0	4.0	edd	third	split_2	I	1	18	
driver109	2017-05-01 17:12:00	2017-05-01 17:16:00	4.0	Break	1.0	4.0	edd	third	split_2	B_T0	1	18	
driver109	2017-05-01 17:16:00	2017-05-01 19:10:00	114.0	Idle	1.0	4.0	edd	third	split_2	I	1	18	
driver109	2017-05-01 19:10:00	2017-07-01 17:47:00	2797.0	Break	1.0	4.0	edd	third	split_2	WR_T1	1	18	
driver109	2017-11-01 16:56:00	2017-11-01 20:16:00	200.0	Idle	4.0	9.0	ndd	unique	split_1	I	1	18	
driver109	2017-11-01 20:16:00	2017-11-01 20:20:00	4.0	Break	4.0	9.0	ndd	unique	split_1	B_T0	1	18	
driver109	2017-11-01 20:20:00	2017-11-01 20:28:00	8.0	Idle	4.0	9.0	ndd	unique	split_1	I	1	18	
driver109	2017-11-01 20:28:00	2017-11-01 20:46:00	18.0	Break	4.0	9.0	ndd	unique	split_1	B_T2	1	18	
driver109	2017-11-01 20:46:00	2017-11-01 20:51:00	5.0	Idle	4.0	9.0	ndd	unique	split_2	I	1	18	
driver109	2017-11-01 20:51:00	2017-12-01 07:42:00	651.0	Break	4.0	9.0	ndd	unique	split_2	DR_T2	1	18	
driver110	2017-11-01 08:36:00	2017-11-01 08:45:00	9.0	Idle	2.0	7.0	none	none	uninterrupted	I	0	18	
driver110	2017-11-01 08:45:00	2017-11-01 08:52:00	7.0	Break	2.0	7.0	none	none	uninterrupted	B_T0	0	18	
driver110	2017-11-01 08:52:00	2017-11-01 08:56:00	4.0	Idle	2.0	7.0	none	none	uninterrupted	I	0	18	
driver110	2017-11-01 08:56:00	2017-11-01 09:42:00	46.0	Break	2.0	7.0	none	none	uninterrupted	B_T1	0	18	
driver110	2017-11-01 09:42:00	2017-11-01 09:54:00	12.0	Idle	2.0	7.0	edd	first	split_1	I	1	18	
driver110	2017-11-01 09:54:00	2017-11-01 09:55:00	1.0	Break	2.0	7.0	edd	first	split_1	B_T0	1	18	
driver110	2017-11-01 09:55:00	2017-11-01 09:57:00	2.0	Idle	2.0	7.0	edd	first	split_1	I	1	18	
driver110	2017-11-01 09:57:00	2017-11-01 10:19:00	22.0	Break	2.0	7.0	edd	first	split_1	B_T2	1	18	
driver110	2017-11-01 10:19:00	2017-11-01 12:46:00	147.0	Idle	2.0	7.0	edd	first	split_2	I	1	18	
driver110	2017-11-01 12:46:00	2017-11-01 13:16:00	30.0	Break	2.0	7.0	edd	first	split_2	B_T3	1	18	
driver110	2017-11-01 13:16:00	2017-11-01 13:30:00	14.0	Idle	2.0	7.0	edd	second	split_1	I	1	18	
driver110	2017-11-01 13:30:00	2017-11-01 13:36:00	6.0	Break	2.0	7.0	edd	second	split_1	B_T0	1	18	
driver110	2017-11-01 13:36:00	2017-11-01 13:45:00	9.0	Idle	2.0	7.0	edd	second	split_1	I	1	18	
driver110	2017-11-01 13:45:00	2017-11-01 15:47:00	122.0	Break	2.0	7.0	edd	second	split_1	B_T2	1	18	
driver110	2017-11-01 15:47:00	2017-11-01 15:50:00	3.0	Idle	2.0	7.0	edd	second	split_2	I	1	18	
driver110	2017-11-01 15:50:00	2017-11-01 15:53:00	3.0	Break	2.0	7.0	edd	second	split_2	B_T0	1	18	
driver110	2017-11-01 15:53:00	2017-11-01 15:55:00	2.0	Idle	2.0	7.0	edd	second	split_2	I	1	18	
driver110	2017-11-01 15:55:00	2017-11-01 16:41:00	46.0	Break	2.0	7.0	edd	second	split_2	B_T3	1	18	
driver110	2017-11-01 16:41:00	2017-11-01 16:44:00	3.0	Idle	2.0	7.0	edd	third	split_1	I	1	18	
driver110	2017-11-01 16:44:00	2017-11-01 16:52:00	8.0	Break	2.0	7.0	edd	third	split_1	B_T0	1	18	
driver110	2017-11-01 16:52:00	2017-11-01 17:10:00	18.0	Idle	2.0	7.0	edd	third	split_1	I	1	18	
driver110	2017-11-01 17:12:00	2017-11-01 18:04:00	52.0	Break	2.0	7.0	edd	third	split_1	B_T2	1	18	
driver110	2017-11-01 18:04:00	2017-11-01 20:32:00	148.0	Driving	2.0	7.0	edd	third	split_2	A	1	18	
driver110	2017-11-01 20:32:00	2017-11-01 20:40:00	8.0	Other	2.0	7.0	edd	third	split_2	A	1	18	
driver110	2017-11-01 20:40:00	2017-11-01 20:43:00	3.0	Driving	2.0	7.0	edd	third	split_2	A	1	18	
driver110	2017-11-01 20:43:00	2017-11-01 21:02:00	19.0	Other	2.0	7.0	edd	third	split_2	A	1	18	
driver110	2017-11-01 21:02:00	2017-11-01 21:04:00	2.0	Driving	2.0	7.0	edd	third	split_2	A	1	18	
driver110	2017-11-01 21:04:00	2017-11-01 21:06:00	2.0	Other	2.0	7.0	edd	third	split_2	A	1	18	
driver110	2017-11-01 21:06:00	2017-01-13 20:41:00	2855.0	Break	2.0	7.0	edd	third	split_2	WR_T1	1	18	
driver115	2017-06-01 06:30:00	2017-06-01 10:53:00	263.0	Driving	1.0	4.0	edd	first	uninterrupted	A	1	18	
driver115	2017-06-01 10:53:00	2017-06-01 11:47:00	54.0	Break	1.0	4.0	edd	first	uninterrupted	B_T1	1	18	
driver115	2017-06-01 11:47:00	2017-06-01 16:06:00	259.0	Driving	1.0	4.0	edd	second	uninterrupted	A	1	18	
driver115	2017-06-01 16:06:00	2017-06-01 16:57:00	51.0	Break	1.0	4.0	edd	second	uninterrupted	B_T1	1	18	
driver115	2017-06-01 16:57:00	2017-06-01 17:58:00	61.0	Driving	1.0	4.0	edd	third	uninterrupted	A	1	18	
driver115	2017-06-01 17:58:00	2017-06-01 18:01:00	3.0	Other	1.0	4.0	edd	third	uninterrupted	A	1	18	
driver115	2017-06-01 18:01:00	2017-06-01 18:02:00	1.0	Driving	1.0	4.0	edd	third	uninterrupted	A	1	18	
driver115	2017-06-01 18:02:00	2017-06-01 18:04:00	2.0	Other	1.0	4.0	edd	third	uninterrupted	A	1	18	
driver115	2017-06-01 18:04:00	2017-06-01 18:07:00	3.0	Driving	1.0	4.0	edd	third	uninterrupted	A	1	18	
driver115	2017-06-01 18:07:00	2017-07-01 05:24:00	677.0	Break	1.0	4.0	edd	third	uninterrupted	DR_T1	1	18	
driver120	2017-02-01 18:09:00	2017-02-01 18:26:00	17.0	Break	2.0	2.0	ndd	unique	split_1	B_T2	1	18	
driver120	2017-02-01 23:29:00	2017-02-01 23:33:00	4.0	Other	2.0	2.0	ndd	unique	split_2	A	1	18	
driver120	2017-02-01 23:33:00	2017-03-01 09:55:00	622.0	Break	2.0	2.0	ndd	unique	split_2	DR_T2	1	18	
driver120	2017-10-01 04:59:00	2017-10-01 05:57:00	58.0	Break	3.0	7.0	edd	first	uninterrupted	B_T1	1	18	
driver120	2017-10-01 08:32:00	2017-10-01 08:48:00	16.0	Break	3.0	7.0	edd	second	split_1	B_T2	1	18	
driver120	2017-10-01 12:23:00	2017-10-01 13:05:00	42.0	Break	3.0	7.0	edd	second	split_2	B_T3	1	18	
driver120	2017-10-01 18:22:00	2017-11-01 03:50:00	568.0	Break	3.0	7.0	edd	third	uninterrupted	DR_T2	1	18	
driver128	2017-01-13 08:43:00	2017-01-13 08:48:00	5.0	Driving	3.0	8.0	edd	first	uninterrupted	A	1	18	
driver128	2017-01-13 08:48:00	2017-01-13 08:49:00	1.0	Break	3.0	8.0	edd	first	uninterrupted	B_T0	1	18	
driver128	2017-01-13 08:49:00	2017-01-13 10:43:00	114.0	Other	3.0	8.0	edd	first	uninterrupted	A	1	18	
driver128	2017-01-13 10:43:00	2017-01-13 10:47:00	4.0	Driving	3.0	8.0	edd	first	uninterrupted	A	1	18	
driver128	2017-01-13 10:47:00	2017-01-13 11:00:00	13.0	Other	3.0	8.0	edd	first	uninterrupted	A	1	18	
driver128	2017-01-13 11:00:00	2017-01-13 11:06:00	6.0	Driving	3.0	8.0	edd	first	uninterrupted	A	1	18	
driver128	2017-01-13 11:06:00	2017-01-13 11:11:00	5.0	Other	3.0	8.0	edd	first	uninterrupted	A	1	18	
driver128	2017-01-13 11:11:00	2017-01-13 13:56:00	165.0	Driving	3.0	8.0	edd	first	uninterrupted	A	1	18	
driver128	2017-01-13 13:56:00	2017-01-13 14:01:00	5.0	Other	3.0	8.0	edd	first	uninterrupted	A	1	18	
driver128	2017-01-13 14:01:00	2017-01-13 15:03:00	62.0	Driving	3.0	8.0	edd	first	uninterrupted	A	1	18	
driver128	2017-01-13 15:03:00	2017-01-13 15:51:00	48.0	Break	3.0	8.0	edd	first	uninterrupted	B_T1	1	18	
driver128	2017-01-13 15:51:00	2017-01-13 18:33:00	162.0	Driving	3.0	8.0	edd	second	uninterrupted	A	1	18	
driver128	2017-01-13 18:33:00	2017-01-13 18:36:00	3.0	Other	3.0	8.0	edd	second	uninterrupted	A	1	18	
driver128	2017-01-13 18:36:00	2017-01-13 20:00:00	84.0	Driving	3.0	8.0	edd	second	uninterrupted	A	1	18	
driver128	2017-01-13 20:00:00	2017-01-13 20:46:00	46.0	Break	3.0	8.0	edd	second	uninterrupted	B_T1	1	18	
driver128	2017-01-13 20:46:00	2017-01-13 22:05:00	79.0	Driving	3.0	8.0	edd	third	uninterrupted	A	1	18	
driver128	2017-01-13 22:05:00	2017-01-14 07:24:00	559.0	Break	3.0	8.0	edd	third	uninterrupted	DR_T2	1	18	
driver130	2017-08-01 11:02:00	2017-10-01 09:09:00	2767.0	Break	1.0	1.0	ndd	unique	uninterrupted	WR_T1	1	18	
driver130	2017-01-13 16:16:00	2017-01-13 20:29:00	253.0	Idle	2.0	5.0	ndd	unique	uninterrupted	I	1	18	
driver130	2017-01-13 20:29:00	2017-01-14 20:33:00	1444.0	Break	2.0	5.0	ndd	unique	uninterrupted	WR_T2	1	18	
driver132	2017-08-01 18:27:00	2017-08-01 18:42:00	15.0	Other	1.0	2.0	edd	first	split_1	A	1	18	
driver132	2017-08-01 18:42:00	2017-08-01 18:58:00	16.0	Break	1.0	2.0	edd	first	split_1	B_T2	1	18	
driver132	2017-08-01 18:58:00	2017-08-01 21:11:00	133.0	Driving	1.0	2.0	edd	first	split_2	A	1	18	
driver132	2017-08-01 21:11:00	2017-08-01 21:18:00	7.0	Other	1.0	2.0	edd	first	split_2	A	1	18	
driver132	2017-08-01 21:18:00	2017-08-01 21:21:00	3.0	Driving	1.0	2.0	edd	first	split_2	A	1	18	
driver132	2017-08-01 21:21:00	2017-08-01 21:24:00	3.0	Other	1.0	2.0	edd	first	split_2	A	1	18	
driver132	2017-08-01 21:24:00	2017-08-01 21:27:00	3.0	Break	1.0	2.0	edd	first	split_2	B_T0	1	18	
driver132	2017-08-01 21:27:00	2017-08-01 21:28:00	1.0	Driving	1.0	2.0	edd	first	split_2	A	1	18	
driver132	2017-08-01 21:28:00	2017-08-01 21:33:00	5.0	Break	1.0	2.0	edd	first	split_2	B_T0	1	18	
driver132	2017-08-01 21:33:00	2017-08-01 21:36:00	3.0	Driving	1.0	2.0	edd	first	split_2	A	1	18	
driver132	2017-08-01 21:36:00	2017-08-01 21:39:00	3.0	Break	1.0	2.0	edd	first	split_2	B_T0	1	18	
driver132	2017-08-01 21:39:00	2017-08-01 21:42:00	3.0	Driving	1.0	2.0	edd	first	split_2	A	1	18	
driver132	2017-08-01 21:42:00	2017-08-01 22:44:00	62.0	Break	1.0	2.0	edd	first	split_2	B_T3	1	18	
driver132	2017-08-01 22:44:00	2017-08-01 22:47:00	3.0	Driving	1.0	2.0	edd	second	uninterrupted	A	1	18	
driver132	2017-08-01 22:47:00	2017-09-01 00:59:00	132.0	Break	1.0	2.0	edd	second	uninterrupted	B_T1	1	18	
driver132	2017-09-01 00:59:00	2017-09-01 01:14:00	15.0	Driving	1.0	2.0	edd	third	split_1	A	1	18	
driver132	2017-09-01 01:14:00	2017-09-01 02:31:00	77.0	Break	1.0	2.0	edd	third	split_1	B_T2	1	18	
driver132	2017-09-01 02:31:00	2017-09-01 03:43:00	72.0	Driving	1.0	2.0	edd	third	split_2	A	1	18	
driver132	2017-09-01 03:43:00	2017-09-01 03:45:00	2.0	Other	1.0	2.0	edd	third	split_2	A	1	18	
driver132	2017-09-01 03:45:00	2017-09-01 03:46:00	1.0	Driving	1.0	2.0	edd	third	split_2	A	1	18	
driver132	2017-09-01 03:46:00	2017-09-01 03:53:00	7.0	Other	1.0	2.0	edd	third	split_2	A	1	18	
driver132	2017-09-01 03:53:00	2017-09-01 03:54:00	1.0	Driving	1.0	2.0	edd	third	split_2	A	1	18	
driver132	2017-09-01 03:54:00	2017-09-01 03:59:00	5.0	Other	1.0	2.0	edd	third	split_2	A	1	18	
driver132	2017-09-01 03:59:00	2017-09-01 04:00:00	1.0	Driving	1.0	2.0	edd	third	split_2	A	1	18	
driver132	2017-09-01 04:00:00	2017-09-01 04:30:00	30.0	Other	1.0	2.0	edd	third	split_2	A	1	18	
driver132	2017-09-01 04:30:00	2017-09-01 04:37:00	7.0	Break	1.0	2.0	edd	third	split_2	B_T0	1	18	
driver132	2017-09-01 04:37:00	2017-09-01 04:39:00	2.0	Driving	1.0	2.0	edd	third	split_2	A	1	18	
driver132	2017-09-01 04:39:00	2017-10-01 14:09:00	2010.0	Break	1.0	2.0	edd	third	split_2	WR_T2	1	18	
driver139	2017-01-15 03:28:00	2017-01-15 06:25:00	177.0	Driving	3.0	9.0	edd	first	uninterrupted	A	1	18	
driver139	2017-01-15 06:25:00	2017-01-15 07:12:00	47.0	Break	3.0	9.0	edd	first	uninterrupted	B_T1	1	18	
driver139	2017-01-15 07:12:00	2017-01-15 11:19:00	247.0	Driving	3.0	9.0	edd	second	uninterrupted	A	1	18	
driver139	2017-01-15 11:19:00	2017-01-15 12:06:00	47.0	Break	3.0	9.0	edd	second	uninterrupted	B_T1	1	18	
driver139	2017-01-15 12:06:00	2017-01-15 13:04:00	58.0	Driving	3.0	9.0	edd	third	split_1	A	1	18	
driver139	2017-01-15 13:04:00	2017-01-15 13:50:00	46.0	Break	3.0	9.0	edd	third	split_1	B_T2	1	18	
driver139	2017-01-15 13:50:00	2017-01-15 15:21:00	91.0	Driving	3.0	9.0	edd	third	split_2	A	1	18	
driver139	2017-01-15 15:21:00	2017-01-16 03:28:00	727.0	Break	3.0	9.0	edd	third	split_2	DR_T1	1	18	
driver140	2017-04-01 17:55:00	2017-04-01 22:29:00	274.0	Idle	1.0	2.0	none	none	none	I	0	18	
driver140	2017-04-01 22:29:00	2017-04-01 22:30:00	1.0	Break	1.0	2.0	none	none	none	B_T0	0	18	
driver140	2017-04-01 22:32:00	2017-04-01 22:34:00	2.0	Break	1.0	2.0	none	none	none	B_T0	0	18	
driver140	2017-04-01 22:34:00	2017-05-01 02:55:00	261.0	Driving	1.0	2.0	none	none	none	A	0	18	
driver140	2017-05-01 03:00:00	2017-05-01 03:06:00	6.0	Idle	1.0	2.0	none	none	none	I	0	18	
driver140	2017-05-01 03:06:00	2017-05-01 03:16:00	10.0	Break	1.0	2.0	none	none	none	B_T0	0	18	
driver140	2017-05-01 03:16:00	2017-05-01 05:43:00	147.0	Idle	1.0	2.0	none	none	none	I	0	18	
driver140	2017-05-01 05:43:00	2017-05-01 05:51:00	8.0	Break	1.0	2.0	none	none	none	B_T0	0	18	
driver140	2017-05-01 05:51:00	2017-05-01 07:33:00	102.0	Idle	1.0	2.0	none	none	none	I	0	18	
driver140	2017-05-01 07:33:00	2017-05-01 07:34:00	1.0	Break	1.0	2.0	none	none	none	B_T0	0	18	
driver140	2017-05-01 07:36:00	2017-05-01 07:38:00	2.0	Break	1.0	2.0	none	none	none	B_T0	0	18	
driver140	2017-05-01 07:38:00	2017-05-01 11:14:00	216.0	Driving	1.0	2.0	none	none	none	A	0	18	
driver140	2017-05-01 11:14:00	2017-05-01 11:31:00	17.0	Break	1.0	2.0	none	none	none	none	0	18	
driver140	2017-05-01 11:31:00	2017-05-01 12:09:00	38.0	Driving	1.0	2.0	ndd	first	split_1	A	1	18	
driver140	2017-05-01 12:09:00	2017-05-01 12:26:00	17.0	Break	1.0	2.0	ndd	first	split_1	B_T2	1	18	
driver140	2017-05-01 12:26:00	2017-05-01 12:32:00	6.0	Driving	1.0	2.0	ndd	first	split_2	A	1	18	
driver140	2017-05-01 12:32:00	2017-05-01 12:36:00	4.0	Other	1.0	2.0	ndd	first	split_2	A	1	18	
driver140	2017-05-01 12:36:00	2017-05-01 14:18:00	102.0	Break	1.0	2.0	ndd	first	split_2	B_T3	1	18	
driver140	2017-05-01 14:18:00	2017-05-01 14:20:00	2.0	Other	1.0	2.0	ndd	second	split_1	A	1	18	
driver140	2017-05-01 14:20:00	2017-05-01 14:25:00	5.0	Driving	1.0	2.0	ndd	second	split_1	A	1	18	
driver140	2017-05-01 14:25:00	2017-05-01 14:40:00	15.0	Break	1.0	2.0	ndd	second	split_1	B_T2	1	18	
driver140	2017-05-01 14:40:00	2017-05-01 14:42:00	2.0	Driving	1.0	2.0	ndd	second	split_2	A	1	18	
driver140	2017-05-01 14:42:00	2017-06-01 19:05:00	1703.0	Break	1.0	2.0	ndd	second	split_2	WR_T2	1	18	
driver140	2017-01-14 06:16:00	2017-01-14 09:08:00	172.0	Idle	3.0	8.0	ndd	unique	split_1	I	1	18	
driver140	2017-01-14 09:08:00	2017-01-14 09:14:00	6.0	Break	3.0	8.0	ndd	unique	split_1	B_T0	1	18	
driver140	2017-01-14 09:14:00	2017-01-14 10:02:00	48.0	Idle	3.0	8.0	ndd	unique	split_1	I	1	18	
driver140	2017-01-14 10:02:00	2017-01-14 10:15:00	13.0	Break	3.0	8.0	ndd	unique	split_1	B_T0	1	18	
driver140	2017-01-14 10:15:00	2017-01-14 10:42:00	27.0	Idle	3.0	8.0	ndd	unique	split_1	I	1	18	
driver140	2017-01-14 10:42:00	2017-01-14 11:06:00	24.0	Break	3.0	8.0	ndd	unique	split_1	B_T2	1	18	
driver140	2017-01-14 11:06:00	2017-01-14 11:15:00	9.0	Idle	3.0	8.0	ndd	unique	split_2	I	1	18	
driver140	2017-01-14 11:15:00	2017-01-16 15:38:00	3143.0	Break	3.0	8.0	ndd	unique	split_2	WR_T1	1	18	
driver141	2017-04-01 17:06:00	2017-04-01 17:08:00	2.0	Break	1.0	3.0	ndd	unique	uninterrupted	B_T0	1	18	
driver141	2017-05-01 00:59:00	2017-05-01 10:04:00	545.0	Break	1.0	3.0	ndd	unique	uninterrupted	DR_T2	1	18	
driver141	2017-10-01 16:15:00	2017-10-01 16:45:00	30.0	Break	2.0	7.0	ndd	unique	split_1	B_T2	1	18	
driver141	2017-11-01 00:04:00	2017-11-01 09:53:00	589.0	Break	2.0	7.0	ndd	unique	split_2	DR_T2	1	18	
driver142	2017-10-01 07:50:00	2017-10-01 08:18:00	28.0	Other	2.0	5.0	edd	first	split_1	A	1	18	
driver142	2017-10-01 12:09:00	2017-10-01 12:34:00	25.0	Break	2.0	5.0	edd	first	split_1	B_T2	1	18	
driver142	2017-10-01 15:43:00	2017-10-01 16:39:00	56.0	Break	2.0	5.0	edd	first	split_2	B_T3	1	18	
driver142	2017-10-01 16:39:00	2017-10-01 17:25:00	46.0	Idle	2.0	5.0	edd	second	uninterrupted	I	1	18	
driver142	2017-10-01 17:25:00	2017-10-01 18:23:00	58.0	Break	2.0	5.0	edd	second	uninterrupted	B_T1	1	18	
driver142	2017-11-01 00:53:00	2017-11-01 09:42:00	529.0	Idle	2.0	5.0	edd	third	split_1	I	1	18	
driver142	2017-11-01 09:42:00	2017-11-01 10:04:00	22.0	Break	2.0	5.0	edd	third	split_1	B_T2	1	18	
driver142	2017-11-01 10:04:00	2017-11-01 10:29:00	25.0	Idle	2.0	5.0	edd	third	split_2	I	1	18	
driver142	2017-11-01 11:14:00	2017-11-01 11:24:00	10.0	Idle	2.0	5.0	edd	third	split_2	I	1	18	
driver142	2017-11-01 11:51:00	2017-11-01 12:00:00	9.0	Idle	2.0	5.0	edd	third	split_2	I	1	18	
driver142	2017-11-01 12:52:00	2017-11-01 13:01:00	9.0	Idle	2.0	5.0	edd	third	split_2	I	1	18	
driver142	2017-11-01 13:23:00	2017-11-01 13:39:00	16.0	Idle	2.0	5.0	edd	third	split_2	I	1	18	
driver142	2017-11-01 17:03:00	2017-11-01 17:12:00	9.0	Driving	2.0	5.0	edd	third	split_2	A	1	18	
driver142	2017-11-01 17:49:00	2017-11-01 17:59:00	10.0	Driving	2.0	5.0	edd	third	split_2	A	1	18	
driver142	2017-11-01 19:13:00	2017-11-01 19:42:00	29.0	Idle	2.0	5.0	edd	third	split_2	I	1	18	
driver142	2017-11-01 19:54:00	2017-11-01 20:11:00	17.0	Idle	2.0	5.0	edd	third	split_2	I	1	18	
driver142	2017-11-01 21:11:00	2017-11-01 21:12:00	1.0	Break	2.0	5.0	edd	third	split_2	B_T0	1	18	
driver142	2017-11-01 21:12:00	2017-11-01 21:28:00	16.0	Idle	2.0	5.0	edd	third	split_2	I	1	18	
driver142	2017-12-01 03:46:00	2017-12-01 03:48:00	2.0	Break	2.0	5.0	edd	third	split_2	B_T0	1	18	
driver142	2017-12-01 03:48:00	2017-12-01 04:05:00	17.0	Other	2.0	5.0	edd	third	split_2	A	1	18	
driver142	2017-12-01 04:05:00	2017-12-01 17:06:00	781.0	Break	2.0	5.0	edd	third	split_2	DR_T1	1	18	
driver145	2017-01-14 06:56:00	2017-01-14 11:17:00	261.0	Driving	2.0	10.0	edd	first	uninterrupted	A	1	18	
driver145	2017-01-14 11:17:00	2017-01-14 12:03:00	46.0	Break	2.0	10.0	edd	first	uninterrupted	B_T1	1	18	
driver145	2017-01-14 12:03:00	2017-01-14 16:16:00	253.0	Driving	2.0	10.0	edd	second	uninterrupted	A	1	18	
driver145	2017-01-14 16:16:00	2017-01-14 17:02:00	46.0	Break	2.0	10.0	edd	second	uninterrupted	B_T1	1	18	
driver145	2017-01-14 17:02:00	2017-01-14 17:54:00	52.0	Driving	2.0	10.0	edd	third	uninterrupted	A	1	18	
driver145	2017-01-14 17:54:00	2017-01-16 03:31:00	2017.0	Break	2.0	10.0	edd	third	uninterrupted	WR_T2	1	18	
driver147	2017-06-01 06:30:00	2017-06-01 10:53:00	263.0	Driving	2.0	7.0	edd	first	uninterrupted	A	1	18	
driver147	2017-06-01 10:53:00	2017-06-01 11:47:00	54.0	Break	2.0	7.0	edd	first	uninterrupted	B_T1	1	18	
driver147	2017-06-01 11:47:00	2017-06-01 16:04:00	257.0	Driving	2.0	7.0	edd	second	uninterrupted	A	1	18	
driver147	2017-06-01 16:04:00	2017-06-01 16:55:00	51.0	Break	2.0	7.0	edd	second	uninterrupted	B_T1	1	18	
driver147	2017-06-01 16:55:00	2017-06-01 16:56:00	1.0	Other	2.0	7.0	edd	third	uninterrupted	A	1	18	
driver147	2017-06-01 16:56:00	2017-06-01 17:57:00	61.0	Driving	2.0	7.0	edd	third	uninterrupted	A	1	18	
driver147	2017-06-01 17:57:00	2017-06-01 18:01:00	4.0	Other	2.0	7.0	edd	third	uninterrupted	A	1	18	
driver147	2017-06-01 18:01:00	2017-06-01 18:02:00	1.0	Driving	2.0	7.0	edd	third	uninterrupted	A	1	18	
driver147	2017-06-01 18:02:00	2017-07-01 05:27:00	685.0	Break	2.0	7.0	edd	third	uninterrupted	DR_T1	1	18	
driver151	2017-02-01 08:38:00	2017-05-01 20:59:00	5061.0	Break	1.0	2.0	ndd	unique	uninterrupted	WR_T1	1	18	
driver151	2017-05-01 21:00:00	2017-06-01 06:01:00	541.0	Break	2.0	3.0	ndd	unique	uninterrupted	DR_T2	1	18	
driver161	2017-03-01 15:10:00	2017-03-01 17:52:00	162.0	Idle	1.0	2.0	ndd	unique	split_1	I	1	18	
driver161	2017-03-01 17:52:00	2017-03-01 18:16:00	24.0	Break	1.0	2.0	ndd	unique	split_1	B_T2	1	18	
driver161	2017-03-01 18:16:00	2017-03-01 18:19:00	3.0	Idle	1.0	2.0	ndd	unique	split_2	I	1	18	
driver161	2017-03-01 18:19:00	2017-03-01 18:28:00	9.0	Break	1.0	2.0	ndd	unique	split_2	B_T0	1	18	
driver161	2017-03-01 18:28:00	2017-03-01 19:22:00	54.0	Idle	1.0	2.0	ndd	unique	split_2	I	1	18	
driver161	2017-03-01 19:22:00	2017-04-01 17:04:00	1302.0	Break	1.0	2.0	ndd	unique	split_2	DR_T1	1	18	
driver161	2017-10-01 09:12:00	2017-10-01 09:14:00	2.0	Idle	2.0	5.0	edd	first	uninterrupted	I	1	18	
driver161	2017-10-01 09:14:00	2017-10-01 09:19:00	5.0	Break	2.0	5.0	edd	first	uninterrupted	B_T0	1	18	
driver161	2017-10-01 09:19:00	2017-10-01 09:20:00	1.0	Idle	2.0	5.0	edd	first	uninterrupted	I	1	18	
driver161	2017-10-01 09:20:00	2017-10-01 10:20:00	60.0	Break	2.0	5.0	edd	first	uninterrupted	B_T1	1	18	
driver161	2017-10-01 10:20:00	2017-10-01 10:24:00	4.0	Idle	2.0	5.0	edd	second	split_1	I	1	18	
driver161	2017-10-01 10:24:00	2017-10-01 10:43:00	19.0	Break	2.0	5.0	edd	second	split_1	B_T2	1	18	
driver161	2017-10-01 10:43:00	2017-10-01 11:18:00	35.0	Idle	2.0	5.0	edd	second	split_2	I	1	18	
driver161	2017-10-01 11:18:00	2017-10-01 12:26:00	68.0	Break	2.0	5.0	edd	second	split_2	B_T3	1	18	
driver161	2017-10-01 12:26:00	2017-10-01 12:46:00	20.0	Idle	2.0	5.0	edd	third	uninterrupted	I	1	18	
driver161	2017-10-01 12:46:00	2017-11-01 20:39:00	1913.0	Break	2.0	5.0	edd	third	uninterrupted	WR_T2	1	18	
driver164	2017-11-01 08:14:00	2017-11-01 08:50:00	36.0	Idle	2.0	10.0	ndd	unique	split_1	I	1	18	
driver164	2017-11-01 08:50:00	2017-11-01 09:09:00	19.0	Break	2.0	10.0	ndd	unique	split_1	B_T2	1	18	
driver164	2017-11-01 09:09:00	2017-11-01 09:16:00	7.0	Idle	2.0	10.0	ndd	unique	split_2	I	1	18	
driver164	2017-11-01 09:16:00	2017-11-01 09:18:00	2.0	Break	2.0	10.0	ndd	unique	split_2	B_T0	1	18	
driver164	2017-11-01 09:18:00	2017-11-01 11:34:00	136.0	Idle	2.0	10.0	ndd	unique	split_2	I	1	18	
driver164	2017-11-01 11:34:00	2017-12-01 18:10:00	1836.0	Break	2.0	10.0	ndd	unique	split_2	WR_T2	1	18	
driver165	2017-05-01 07:20:00	2017-05-01 11:07:00	227.0	Driving	1.0	2.0	edd	first	uninterrupted	A	1	18	
driver165	2017-05-01 11:07:00	2017-05-01 11:53:00	46.0	Break	1.0	2.0	edd	first	uninterrupted	B_T1	1	18	
driver165	2017-05-01 11:53:00	2017-05-01 16:04:00	251.0	Driving	1.0	2.0	edd	second	uninterrupted	A	1	18	
driver165	2017-05-01 16:04:00	2017-05-01 16:52:00	48.0	Break	1.0	2.0	edd	second	uninterrupted	B_T1	1	18	
driver165	2017-05-01 16:52:00	2017-05-01 18:49:00	117.0	Driving	1.0	2.0	edd	third	uninterrupted	A	1	18	
driver165	2017-05-01 18:49:00	2017-06-01 04:02:00	553.0	Break	1.0	2.0	edd	third	uninterrupted	DR_T2	1	18	
driver170	2017-01-13 01:50:00	2017-01-13 03:43:00	113.0	Idle	3.0	10.0	ndd	unique	split_1	I	1	18	
driver170	2017-01-13 03:43:00	2017-01-13 03:58:00	15.0	Break	3.0	10.0	ndd	unique	split_1	B_T2	1	18	
driver170	2017-01-13 03:58:00	2017-01-13 04:38:00	40.0	Idle	3.0	10.0	ndd	unique	split_2	I	1	18	
driver170	2017-01-13 04:38:00	2017-01-13 04:42:00	4.0	Break	3.0	10.0	ndd	unique	split_2	B_T0	1	18	
driver170	2017-01-13 04:42:00	2017-01-13 05:12:00	30.0	Idle	3.0	10.0	ndd	unique	split_2	I	1	18	
driver170	2017-01-13 05:12:00	2017-01-13 10:06:00	294.0	Break	3.0	10.0	ndd	unique	split_2	DR_T3	1	18	
driver174	2017-03-01 07:06:00	2017-03-01 07:09:00	3.0	Other	1.0	2.0	edd	first	uninterrupted	A	1	18	
driver174	2017-03-01 07:09:00	2017-03-01 07:41:00	32.0	Driving	1.0	2.0	edd	first	uninterrupted	A	1	18	
driver174	2017-03-01 07:41:00	2017-03-01 07:47:00	6.0	Other	1.0	2.0	edd	first	uninterrupted	A	1	18	
driver174	2017-03-01 07:47:00	2017-03-01 07:54:00	7.0	Driving	1.0	2.0	edd	first	uninterrupted	A	1	18	
driver174	2017-03-01 07:54:00	2017-03-01 08:05:00	11.0	Break	1.0	2.0	edd	first	uninterrupted	B_T0	1	18	
driver174	2017-03-01 08:05:00	2017-03-01 11:14:00	189.0	Driving	1.0	2.0	edd	first	uninterrupted	A	1	18	
driver174	2017-03-01 11:14:00	2017-03-01 12:03:00	49.0	Break	1.0	2.0	edd	first	uninterrupted	B_T1	1	18	
driver174	2017-03-01 12:03:00	2017-03-01 14:13:00	130.0	Driving	1.0	2.0	edd	second	uninterrupted	A	1	18	
driver174	2017-03-01 14:13:00	2017-03-01 14:22:00	9.0	Other	1.0	2.0	edd	second	uninterrupted	A	1	18	
driver174	2017-03-01 14:22:00	2017-03-01 15:40:00	78.0	Driving	1.0	2.0	edd	second	uninterrupted	A	1	18	
driver174	2017-03-01 15:40:00	2017-03-01 16:28:00	48.0	Break	1.0	2.0	edd	second	uninterrupted	B_T1	1	18	
driver174	2017-03-01 16:28:00	2017-03-01 18:52:00	144.0	Driving	1.0	2.0	edd	third	uninterrupted	A	1	18	
driver174	2017-03-01 18:52:00	2017-03-01 18:54:00	2.0	Other	1.0	2.0	edd	third	uninterrupted	A	1	18	
driver174	2017-03-01 18:54:00	2017-04-01 06:02:00	668.0	Break	1.0	2.0	edd	third	uninterrupted	DR_T1	1	18	
driver176	2017-06-01 10:01:00	2017-06-01 14:18:00	257.0	Driving	2.0	6.0	edd	first	uninterrupted	A	1	18	
driver176	2017-06-01 14:18:00	2017-06-01 15:06:00	48.0	Break	2.0	6.0	edd	first	uninterrupted	B_T1	1	18	
driver176	2017-06-01 15:06:00	2017-06-01 15:38:00	32.0	Driving	2.0	6.0	edd	second	uninterrupted	A	1	18	
driver176	2017-06-01 15:38:00	2017-06-01 16:23:00	45.0	Break	2.0	6.0	edd	second	uninterrupted	B_T1	1	18	
driver176	2017-06-01 16:23:00	2017-06-01 20:18:00	235.0	Driving	2.0	6.0	edd	third	split_1	A	1	18	
driver176	2017-06-01 20:18:00	2017-06-01 20:50:00	32.0	Break	2.0	6.0	edd	third	split_1	B_T2	1	18	
driver176	2017-06-01 20:50:00	2017-06-01 21:11:00	21.0	Driving	2.0	6.0	edd	third	split_2	A	1	18	
driver176	2017-06-01 21:11:00	2017-06-01 21:15:00	4.0	Other	2.0	6.0	edd	third	split_2	A	1	18	
driver176	2017-06-01 21:15:00	2017-07-01 05:30:00	495.0	Break	2.0	6.0	edd	third	split_2	DR_T3	1	18	
driver180	2017-09-01 11:30:00	2017-09-01 12:12:00	42.0	Idle	4.0	6.0	edd	first	uninterrupted	I	1	18	
driver180	2017-09-01 12:12:00	2017-09-01 12:24:00	12.0	Break	4.0	6.0	edd	first	uninterrupted	B_T0	1	18	
driver180	2017-09-01 12:24:00	2017-09-01 12:25:00	1.0	Idle	4.0	6.0	edd	first	uninterrupted	I	1	18	
driver180	2017-09-01 12:25:00	2017-09-01 14:07:00	102.0	Break	4.0	6.0	edd	first	uninterrupted	B_T1	1	18	
driver180	2017-09-01 14:07:00	2017-09-01 14:09:00	2.0	Idle	4.0	6.0	edd	second	split_1	I	1	18	
driver180	2017-09-01 14:09:00	2017-09-01 14:35:00	26.0	Break	4.0	6.0	edd	second	split_1	B_T2	1	18	
driver180	2017-09-01 14:35:00	2017-09-01 18:00:00	205.0	Idle	4.0	6.0	edd	second	split_2	I	1	18	
driver180	2017-09-01 18:00:00	2017-09-01 18:01:00	1.0	Break	4.0	6.0	edd	second	split_2	B_T0	1	18	
driver180	2017-09-01 18:03:00	2017-09-01 18:34:00	31.0	Break	4.0	6.0	edd	second	split_2	B_T3	1	18	
driver180	2017-09-01 18:34:00	2017-09-01 19:06:00	32.0	Driving	4.0	6.0	edd	third	split_1	A	1	18	
driver180	2017-09-01 19:06:00	2017-09-01 19:11:00	5.0	Other	4.0	6.0	edd	third	split_1	A	1	18	
driver180	2017-09-01 19:11:00	2017-09-01 23:00:00	229.0	Driving	4.0	6.0	edd	third	split_1	A	1	18	
driver180	2017-09-01 23:03:00	2017-09-01 23:08:00	5.0	Break	4.0	6.0	edd	third	split_1	B_T0	1	18	
driver180	2017-09-01 23:08:00	2017-10-01 03:15:00	247.0	Idle	4.0	6.0	edd	third	split_1	I	1	18	
driver180	2017-10-01 03:15:00	2017-10-01 03:33:00	18.0	Break	4.0	6.0	edd	third	split_1	B_T2	1	18	
driver180	2017-10-01 03:33:00	2017-10-01 03:55:00	22.0	Idle	4.0	6.0	edd	third	split_2	I	1	18	
driver180	2017-10-01 03:55:00	2017-10-01 03:56:00	1.0	Break	4.0	6.0	edd	third	split_2	B_T0	1	18	
driver180	2017-10-01 03:58:00	2017-10-01 03:59:00	1.0	Break	4.0	6.0	edd	third	split_2	B_T0	1	18	
driver180	2017-10-01 03:59:00	2017-10-01 04:17:00	18.0	Driving	4.0	6.0	edd	third	split_2	A	1	18	
driver180	2017-10-01 04:17:00	2017-10-01 04:18:00	1.0	Other	4.0	6.0	edd	third	split_2	A	1	18	
driver180	2017-10-01 04:18:00	2017-10-01 13:28:00	550.0	Break	4.0	6.0	edd	third	split_2	DR_T2	1	18	
driver183	2017-03-01 22:12:00	2017-04-01 02:43:00	271.0	Idle	1.0	3.0	ndd	unique	uninterrupted	I	1	18	
driver183	2017-04-01 02:43:00	2017-04-01 21:29:00	1126.0	Break	1.0	3.0	ndd	unique	uninterrupted	DR_T1	1	18	
driver185	2017-03-01 21:02:00	2017-03-01 21:03:00	1.0	Break	1.0	1.0	ndd	unique	uninterrupted	B_T0	1	18	
driver185	2017-03-01 21:03:00	2017-03-01 22:42:00	99.0	Idle	1.0	1.0	ndd	unique	uninterrupted	I	1	18	
driver185	2017-03-01 22:42:00	2017-03-01 22:55:00	13.0	Break	1.0	1.0	ndd	unique	uninterrupted	B_T0	1	18	
driver185	2017-03-01 22:55:00	2017-03-01 23:39:00	44.0	Idle	1.0	1.0	ndd	unique	uninterrupted	I	1	18	
driver185	2017-03-01 23:39:00	2017-04-01 06:22:00	403.0	Break	1.0	1.0	ndd	unique	uninterrupted	DR_T3	1	18	
driver185	2017-04-01 06:22:00	2017-04-01 07:48:00	86.0	Idle	1.0	2.0	edd	first	uninterrupted	I	1	18	
driver185	2017-04-01 07:48:00	2017-04-01 08:36:00	48.0	Break	1.0	2.0	edd	first	uninterrupted	B_T1	1	18	
driver185	2017-04-01 08:36:00	2017-04-01 08:45:00	9.0	Idle	1.0	2.0	edd	second	split_1	I	1	18	
driver185	2017-04-01 08:45:00	2017-04-01 09:06:00	21.0	Break	1.0	2.0	edd	second	split_1	B_T2	1	18	
driver185	2017-04-01 09:06:00	2017-04-01 12:46:00	220.0	Idle	1.0	2.0	edd	second	split_2	I	1	18	
driver185	2017-04-01 12:46:00	2017-04-01 13:35:00	49.0	Break	1.0	2.0	edd	second	split_2	B_T3	1	18	
driver185	2017-04-01 13:35:00	2017-04-01 15:38:00	123.0	Idle	1.0	2.0	edd	third	uninterrupted	I	1	18	
driver185	2017-04-01 15:38:00	2017-05-01 06:03:00	865.0	Break	1.0	2.0	edd	third	uninterrupted	DR_T4	1	18	
driver185	2017-09-01 07:25:00	2017-09-01 11:51:00	266.0	Idle	3.0	5.0	none	none	uninterrupted	I	0	18	
driver185	2017-09-01 11:51:00	2017-09-01 13:11:00	80.0	Break	3.0	5.0	none	none	uninterrupted	B_T1	0	18	
driver185	2017-09-01 13:11:00	2017-09-01 13:18:00	7.0	Idle	3.0	5.0	edd	first	split_1	I	1	18	
driver185	2017-09-01 13:18:00	2017-09-01 13:36:00	18.0	Break	3.0	5.0	edd	first	split_1	B_T2	1	18	
driver185	2017-09-01 13:36:00	2017-09-01 13:43:00	7.0	Idle	3.0	5.0	edd	first	split_2	I	1	18	
driver185	2017-09-01 13:43:00	2017-09-01 14:21:00	38.0	Break	3.0	5.0	edd	first	split_2	B_T3	1	18	
driver185	2017-09-01 14:21:00	2017-09-01 17:22:00	181.0	Idle	3.0	5.0	edd	second	split_1	I	1	18	
driver185	2017-09-01 17:22:00	2017-09-01 18:05:00	43.0	Break	3.0	5.0	edd	second	split_1	B_T2	1	18	
driver185	2017-09-01 18:05:00	2017-09-01 18:43:00	38.0	Idle	3.0	5.0	edd	second	split_2	I	1	18	
driver185	2017-09-01 18:43:00	2017-09-01 19:15:00	32.0	Break	3.0	5.0	edd	second	split_2	B_T3	1	18	
driver185	2017-09-01 19:15:00	2017-09-01 22:36:00	201.0	Idle	3.0	5.0	edd	third	uninterrupted	I	1	18	
driver185	2017-09-01 22:36:00	2017-10-01 07:36:00	540.0	Break	3.0	5.0	edd	third	uninterrupted	DR_T2	1	18	
driver188	2017-01-01 10:22:00	2017-01-01 10:26:00	4.0	Break	1.0	1.0	ndd	unique	split_1	B_T0	1	18	
driver188	2017-01-01 10:26:00	2017-01-01 10:39:00	13.0	Idle	1.0	1.0	ndd	unique	split_1	I	1	18	
driver188	2017-01-01 10:39:00	2017-01-01 10:48:00	9.0	Other	1.0	1.0	ndd	unique	split_1	A	1	18	
driver188	2017-01-01 10:48:00	2017-01-01 10:52:00	4.0	Idle	1.0	1.0	ndd	unique	split_1	I	1	18	
driver188	2017-01-01 10:52:00	2017-01-01 12:36:00	104.0	Other	1.0	1.0	ndd	unique	split_1	A	1	18	
driver188	2017-01-01 12:36:00	2017-01-01 12:55:00	19.0	Break	1.0	1.0	ndd	unique	split_1	B_T2	1	18	
driver188	2017-01-01 12:55:00	2017-01-01 13:51:00	56.0	Other	1.0	1.0	ndd	unique	split_2	A	1	18	
driver188	2017-01-01 13:51:00	2017-02-01 14:06:00	1455.0	Break	1.0	1.0	ndd	unique	split_2	WR_T2	1	18	
driver188	2017-02-01 18:09:00	2017-02-01 18:26:00	17.0	Break	2.0	2.0	ndd	unique	split_1	B_T2	1	18	
driver188	2017-02-01 23:29:00	2017-02-01 23:33:00	4.0	Idle	2.0	2.0	ndd	unique	split_2	I	1	18	
driver188	2017-02-01 23:33:00	2017-03-01 09:55:00	622.0	Break	2.0	2.0	ndd	unique	split_2	DR_T2	1	18	
driver188	2017-10-01 04:59:00	2017-10-01 05:57:00	58.0	Break	3.0	7.0	edd	first	uninterrupted	B_T1	1	18	
driver188	2017-10-01 08:27:00	2017-10-01 08:28:00	1.0	Break	3.0	7.0	edd	second	split_1	B_T0	1	18	
driver188	2017-10-01 08:30:00	2017-10-01 08:48:00	18.0	Break	3.0	7.0	edd	second	split_1	B_T2	1	18	
driver188	2017-10-01 12:23:00	2017-10-01 13:05:00	42.0	Break	3.0	7.0	edd	second	split_2	B_T3	1	18	
driver188	2017-10-01 18:22:00	2017-11-01 03:50:00	568.0	Break	3.0	7.0	edd	third	uninterrupted	DR_T2	1	18	
driver188	2017-01-14 01:50:00	2017-01-14 01:51:00	1.0	Idle	4.0	10.0	ndd	unique	split_1	I	1	18	
driver188	2017-01-14 01:51:00	2017-01-14 02:50:00	59.0	Other	4.0	10.0	ndd	unique	split_1	A	1	18	
driver188	2017-01-14 04:01:00	2017-01-14 04:14:00	13.0	Idle	4.0	10.0	ndd	unique	split_1	I	1	18	
driver188	2017-01-14 04:14:00	2017-01-14 04:25:00	11.0	Other	4.0	10.0	ndd	unique	split_1	A	1	18	
driver188	2017-01-14 06:35:00	2017-01-14 06:47:00	12.0	Break	4.0	10.0	ndd	unique	split_1	B_T0	1	18	
driver188	2017-01-14 06:50:00	2017-01-14 07:16:00	26.0	Break	4.0	10.0	ndd	unique	split_1	B_T2	1	18	
driver188	2017-01-14 10:53:00	2017-01-14 10:59:00	6.0	Break	4.0	10.0	ndd	unique	split_2	B_T0	1	18	
driver188	2017-01-14 11:03:00	2017-01-14 11:13:00	10.0	Idle	4.0	10.0	ndd	unique	split_2	I	1	18	
driver188	2017-01-14 13:47:00	2017-01-14 13:50:00	3.0	Break	4.0	10.0	ndd	unique	split_2	B_T0	1	18	
driver188	2017-01-14 13:50:00	2017-01-14 13:52:00	2.0	Idle	4.0	10.0	ndd	unique	split_2	I	1	18	
driver188	2017-01-14 13:52:00	2017-01-15 01:28:00	696.0	Break	4.0	10.0	ndd	unique	split_2	DR_T1	1	18	
driver188	2017-01-15 01:34:00	2017-01-15 01:54:00	20.0	Idle	4.0	11.0	ndd	unique	uninterrupted	I	1	18	
driver188	2017-01-15 03:30:00	2017-01-15 08:22:00	292.0	Break	4.0	11.0	ndd	unique	uninterrupted	DR_T3	1	18	
driver188	2017-01-15 08:22:00	2017-01-15 08:32:00	10.0	Idle	4.0	12.0	ndd	unique	uninterrupted	I	1	18	
driver188	2017-01-15 08:32:00	2017-01-15 08:37:00	5.0	Break	4.0	12.0	ndd	unique	uninterrupted	B_T0	1	18	
driver188	2017-01-15 08:37:00	2017-01-15 08:54:00	17.0	Idle	4.0	12.0	ndd	unique	uninterrupted	I	1	18	
driver188	2017-01-15 08:54:00	2017-01-15 22:22:00	808.0	Break	4.0	12.0	ndd	unique	uninterrupted	DR_T4	1	18	
driver190	2017-11-01 12:58:00	2017-11-01 13:24:00	26.0	Idle	3.0	8.0	ndd	unique	uninterrupted	I	1	18	
driver190	2017-11-01 13:24:00	2017-11-01 16:44:00	200.0	Break	3.0	8.0	ndd	unique	uninterrupted	DR_T3	1	18	
driver190	2017-11-01 16:44:00	2017-11-01 17:45:00	61.0	Idle	3.0	9.0	ndd	unique	split_1	I	1	18	
driver190	2017-11-01 17:45:00	2017-11-01 18:10:00	25.0	Break	3.0	9.0	ndd	unique	split_1	B_T2	1	18	
driver190	2017-11-01 18:10:00	2017-11-01 18:47:00	37.0	Idle	3.0	9.0	ndd	unique	split_2	I	1	18	
driver190	2017-11-01 18:47:00	2017-11-01 18:49:00	2.0	Break	3.0	9.0	ndd	unique	split_2	B_T0	1	18	
driver190	2017-11-01 18:49:00	2017-11-01 20:30:00	101.0	Idle	3.0	9.0	ndd	unique	split_2	I	1	18	
driver190	2017-11-01 20:30:00	2017-12-01 08:29:00	719.0	Break	3.0	9.0	ndd	unique	split_2	DR_T4	1	18	
driver190	2017-12-01 08:29:00	2017-12-01 09:10:00	41.0	Idle	3.0	10.0	edd	first	uninterrupted	I	1	18	
driver190	2017-12-01 09:10:00	2017-12-01 09:13:00	3.0	Break	3.0	10.0	edd	first	uninterrupted	B_T0	1	18	
driver190	2017-12-01 09:13:00	2017-12-01 09:45:00	32.0	Idle	3.0	10.0	edd	first	uninterrupted	I	1	18	
driver190	2017-12-01 09:45:00	2017-12-01 12:30:00	165.0	Break	3.0	10.0	edd	first	uninterrupted	B_T1	1	18	
driver190	2017-12-01 12:30:00	2017-12-01 12:46:00	16.0	Idle	3.0	10.0	edd	second	split_1	I	1	18	
driver190	2017-12-01 12:46:00	2017-12-01 14:06:00	80.0	Break	3.0	10.0	edd	second	split_1	B_T2	1	18	
driver190	2017-12-01 14:06:00	2017-12-01 14:09:00	3.0	Idle	3.0	10.0	edd	second	split_2	I	1	18	
driver190	2017-12-01 14:09:00	2017-12-01 16:33:00	144.0	Break	3.0	10.0	edd	second	split_2	B_T3	1	18	
driver190	2017-12-01 16:33:00	2017-12-01 17:24:00	51.0	Idle	3.0	10.0	edd	third	split_1	I	1	18	
driver190	2017-12-01 17:24:00	2017-12-01 17:26:00	2.0	Break	3.0	10.0	edd	third	split_1	B_T0	1	18	
driver190	2017-12-01 17:26:00	2017-12-01 18:01:00	35.0	Idle	3.0	10.0	edd	third	split_1	I	1	18	
driver190	2017-12-01 18:01:00	2017-12-01 18:34:00	33.0	Break	3.0	10.0	edd	third	split_1	B_T2	1	18	
driver190	2017-12-01 18:34:00	2017-12-01 18:43:00	9.0	Idle	3.0	10.0	edd	third	split_2	I	1	18	
driver190	2017-12-01 18:43:00	2017-01-13 18:47:00	1444.0	Break	3.0	10.0	edd	third	split_2	WR_T2	1	18	
driver191	2017-06-01 09:04:00	2017-06-01 19:06:00	602.0	Break	1.0	1.0	ndd	unique	uninterrupted	DR_T2	1	18	
driver195	2017-12-01 23:42:00	2017-12-01 23:59:00	17.0	Break	3.0	12.0	ndd	unique	split_1	B_T2	1	18	
driver195	2017-01-13 04:21:00	2017-01-13 13:23:00	542.0	Break	3.0	12.0	ndd	unique	split_2	DR_T2	1	18	
driver198	2017-12-01 03:49:00	2017-12-01 03:50:00	1.0	Break	4.0	7.0	ndd	unique	uninterrupted	B_T0	1	18	
driver198	2017-12-01 03:50:00	2017-12-01 07:48:00	238.0	Idle	4.0	7.0	ndd	unique	uninterrupted	I	1	18	
driver198	2017-12-01 07:48:00	2017-12-01 07:56:00	8.0	Break	4.0	7.0	ndd	unique	uninterrupted	B_T0	1	18	
driver198	2017-12-01 07:56:00	2017-12-01 07:59:00	3.0	Idle	4.0	7.0	ndd	unique	uninterrupted	I	1	18	
driver198	2017-12-01 07:59:00	2017-12-01 22:18:00	859.0	Break	4.0	7.0	ndd	unique	uninterrupted	DR_T1	1	18	
driver200	2017-08-01 19:01:00	2017-08-01 22:25:00	204.0	Idle	2.0	6.0	ndd	unique	uninterrupted	I	1	18	
driver200	2017-08-01 22:25:00	2017-09-01 20:33:00	1328.0	Break	2.0	6.0	ndd	unique	uninterrupted	DR_T1	1	18	
driver202	2017-09-01 18:00:00	2017-01-13 12:47:00	5447.0	Break	1.0	1.0	ndd	unique	uninterrupted	WR_T1	1	18	
driver202	2017-01-15 20:46:00	2017-01-16 06:03:00	557.0	Break	2.0	3.0	ndd	unique	uninterrupted	DR_T2	1	18	
driver204	2017-08-01 11:03:00	2017-10-01 09:09:00	2766.0	Break	1.0	1.0	ndd	unique	uninterrupted	WR_T1	1	18	
driver205	2017-10-01 07:42:00	2017-10-01 07:43:00	1.0	Other	2.0	7.0	edd	first	uninterrupted	A	1	18	
driver205	2017-10-01 07:43:00	2017-10-01 07:48:00	5.0	Driving	2.0	7.0	edd	first	uninterrupted	A	1	18	
driver205	2017-10-01 07:48:00	2017-10-01 07:50:00	2.0	Other	2.0	7.0	edd	first	uninterrupted	A	1	18	
driver205	2017-10-01 07:50:00	2017-10-01 07:53:00	3.0	Driving	2.0	7.0	edd	first	uninterrupted	A	1	18	
driver205	2017-10-01 07:53:00	2017-10-01 08:12:00	19.0	Other	2.0	7.0	edd	first	uninterrupted	A	1	18	
driver205	2017-10-01 08:12:00	2017-10-01 09:33:00	81.0	Break	2.0	7.0	edd	first	uninterrupted	B_T1	1	18	
driver205	2017-10-01 09:33:00	2017-10-01 09:38:00	5.0	Driving	2.0	7.0	edd	second	uninterrupted	A	1	18	
driver205	2017-10-01 09:38:00	2017-10-01 09:42:00	4.0	Other	2.0	7.0	edd	second	uninterrupted	A	1	18	
driver205	2017-10-01 09:42:00	2017-10-01 13:35:00	233.0	Driving	2.0	7.0	edd	second	uninterrupted	A	1	18	
driver205	2017-10-01 13:35:00	2017-10-01 14:34:00	59.0	Break	2.0	7.0	edd	second	uninterrupted	B_T1	1	18	
driver205	2017-10-01 14:34:00	2017-10-01 16:52:00	138.0	Driving	2.0	7.0	edd	third	split_1	A	1	18	
driver205	2017-10-01 16:52:00	2017-10-01 16:55:00	3.0	Other	2.0	7.0	edd	third	split_1	A	1	18	
driver205	2017-10-01 16:55:00	2017-10-01 18:37:00	102.0	Driving	2.0	7.0	edd	third	split_1	A	1	18	
driver205	2017-10-01 18:37:00	2017-10-01 19:24:00	47.0	Break	2.0	7.0	edd	third	split_1	B_T2	1	18	
driver205	2017-10-01 19:24:00	2017-10-01 20:37:00	73.0	Driving	2.0	7.0	edd	third	split_2	A	1	18	
driver205	2017-10-01 20:37:00	2017-11-01 08:11:00	694.0	Break	2.0	7.0	edd	third	split_2	DR_T1	1	18	
driver208	2017-05-01 07:52:00	2017-05-01 08:20:00	28.0	Idle	1.0	4.0	ndd	unique	uninterrupted	I	1	18	
driver208	2017-05-01 08:20:00	2017-05-01 12:52:00	272.0	Break	1.0	4.0	ndd	unique	uninterrupted	DR_T3	1	18	
driver210	2017-08-01 11:02:00	2017-10-01 10:13:00	2831.0	Break	1.0	1.0	ndd	unique	uninterrupted	WR_T1	1	18	
driver211	2017-04-01 23:10:00	2017-05-01 00:46:00	96.0	Idle	1.0	4.0	edd	first	split_1	I	1	18	
driver211	2017-05-01 00:46:00	2017-05-01 01:01:00	15.0	Break	1.0	4.0	edd	first	split_1	B_T2	1	18	
driver211	2017-05-01 01:03:00	2017-05-01 01:11:00	8.0	Break	1.0	4.0	edd	first	split_2	B_T0	1	18	
driver211	2017-05-01 01:11:00	2017-05-01 04:49:00	218.0	Driving	1.0	4.0	edd	first	split_2	A	1	18	
driver211	2017-05-01 04:49:00	2017-05-01 04:50:00	1.0	Other	1.0	4.0	edd	first	split_2	A	1	18	
driver211	2017-05-01 04:54:00	2017-05-01 05:36:00	42.0	Break	1.0	4.0	edd	first	split_2	B_T3	1	18	
driver211	2017-05-01 05:36:00	2017-05-01 09:10:00	214.0	Idle	1.0	4.0	edd	second	split_1	I	1	18	
driver211	2017-05-01 09:10:00	2017-05-01 10:24:00	74.0	Break	1.0	4.0	edd	second	split_1	B_T2	1	18	
driver211	2017-05-01 10:24:00	2017-05-01 12:07:00	103.0	Idle	1.0	4.0	edd	second	split_2	I	1	18	
driver211	2017-05-01 12:07:00	2017-05-01 12:11:00	4.0	Break	1.0	4.0	edd	second	split_2	B_T0	1	18	
driver211	2017-05-01 12:11:00	2017-05-01 12:15:00	4.0	Idle	1.0	4.0	edd	second	split_2	I	1	18	
driver211	2017-05-01 12:15:00	2017-05-01 12:19:00	4.0	Break	1.0	4.0	edd	second	split_2	B_T0	1	18	
driver211	2017-05-01 12:19:00	2017-05-01 12:21:00	2.0	Idle	1.0	4.0	edd	second	split_2	I	1	18	
driver211	2017-05-01 12:21:00	2017-05-01 14:00:00	99.0	Break	1.0	4.0	edd	second	split_2	B_T3	1	18	
driver211	2017-05-01 14:00:00	2017-05-01 14:07:00	7.0	Idle	1.0	4.0	edd	third	split_1	I	1	18	
driver211	2017-05-01 14:07:00	2017-05-01 14:34:00	27.0	Break	1.0	4.0	edd	third	split_1	B_T2	1	18	
driver211	2017-05-01 14:34:00	2017-05-01 14:40:00	6.0	Idle	1.0	4.0	edd	third	split_2	I	1	18	
driver211	2017-05-01 14:40:00	2017-09-01 14:29:00	5749.0	Break	1.0	4.0	edd	third	split_2	WR_T1	1	18	
driver212	2017-08-01 11:00:00	2017-10-01 11:40:00	2920.0	Break	1.0	1.0	ndd	unique	uninterrupted	WR_T1	1	18	
driver216	2017-02-01 05:37:00	2017-02-01 08:47:00	190.0	Idle	1.0	1.0	ndd	unique	uninterrupted	I	1	18	
driver216	2017-02-01 08:47:00	2017-03-01 07:29:00	1362.0	Break	1.0	1.0	ndd	unique	uninterrupted	DR_T1	1	18	
driver216	2017-09-01 05:48:00	2017-09-01 06:04:00	16.0	Break	3.0	7.0	none	none	split_1	B_T2	0	18	
driver216	2017-09-01 06:04:00	2017-09-01 08:39:00	155.0	Idle	3.0	7.0	none	none	split_2	I	0	18	
driver216	2017-09-01 08:39:00	2017-09-01 10:30:00	111.0	Break	3.0	7.0	none	none	split_2	B_T3	0	18	
driver216	2017-09-01 10:30:00	2017-09-01 10:33:00	3.0	Idle	3.0	7.0	edd	first	split_1	I	1	18	
driver216	2017-09-01 10:33:00	2017-09-01 10:55:00	22.0	Break	3.0	7.0	edd	first	split_1	B_T2	1	18	
driver216	2017-09-01 10:55:00	2017-09-01 11:11:00	16.0	Idle	3.0	7.0	edd	first	split_2	I	1	18	
driver216	2017-09-01 11:11:00	2017-09-01 11:42:00	31.0	Break	3.0	7.0	edd	first	split_2	B_T3	1	18	
driver216	2017-09-01 11:42:00	2017-09-01 12:20:00	38.0	Idle	3.0	7.0	edd	second	split_1	I	1	18	
driver216	2017-09-01 12:20:00	2017-09-01 12:33:00	13.0	Break	3.0	7.0	edd	second	split_1	B_T0	1	18	
driver216	2017-09-01 12:33:00	2017-09-01 14:43:00	130.0	Idle	3.0	7.0	edd	second	split_1	I	1	18	
driver216	2017-09-01 14:43:00	2017-09-01 15:20:00	37.0	Break	3.0	7.0	edd	second	split_1	B_T2	1	18	
driver216	2017-09-01 15:22:00	2017-09-01 16:28:00	66.0	Break	3.0	7.0	edd	second	split_2	B_T3	1	18	
driver216	2017-09-01 16:28:00	2017-09-01 16:32:00	4.0	Driving	3.0	7.0	edd	third	split_1	A	1	18	
driver216	2017-09-01 16:32:00	2017-09-01 17:10:00	38.0	Break	3.0	7.0	edd	third	split_1	B_T2	1	18	
driver216	2017-09-01 17:10:00	2017-09-01 17:12:00	2.0	Other	3.0	7.0	edd	third	split_2	A	1	18	
driver216	2017-09-01 17:12:00	2017-09-01 17:13:00	1.0	Driving	3.0	7.0	edd	third	split_2	A	1	18	
driver216	2017-09-01 17:13:00	2017-09-01 17:23:00	10.0	Other	3.0	7.0	edd	third	split_2	A	1	18	
driver216	2017-09-01 17:23:00	2017-09-01 20:25:00	182.0	Driving	3.0	7.0	edd	third	split_2	A	1	18	
driver216	2017-09-01 20:25:00	2017-09-01 20:33:00	8.0	Other	3.0	7.0	edd	third	split_2	A	1	18	
driver216	2017-09-01 20:33:00	2017-09-01 20:34:00	1.0	Driving	3.0	7.0	edd	third	split_2	A	1	18	
driver216	2017-09-01 20:34:00	2017-09-01 20:44:00	10.0	Other	3.0	7.0	edd	third	split_2	A	1	18	
driver216	2017-09-01 20:44:00	2017-09-01 20:46:00	2.0	Driving	3.0	7.0	edd	third	split_2	A	1	18	
driver216	2017-09-01 20:46:00	2017-09-01 20:48:00	2.0	Other	3.0	7.0	edd	third	split_2	A	1	18	
driver216	2017-09-01 20:48:00	2017-09-01 21:58:00	70.0	Driving	3.0	7.0	edd	third	split_2	A	1	18	
driver216	2017-09-01 22:02:00	2017-09-01 23:24:00	82.0	Idle	3.0	7.0	edd	third	split_2	I	1	18	
driver216	2017-09-01 23:24:00	2017-10-01 08:25:00	541.0	Break	3.0	7.0	edd	third	split_2	DR_T2	1	18	
driver217	2017-02-01 13:09:00	2017-02-01 17:39:00	270.0	Idle	1.0	1.0	ndd	unique	uninterrupted	I	1	18	
driver217	2017-02-01 17:39:00	2017-03-01 07:53:00	854.0	Break	1.0	1.0	ndd	unique	uninterrupted	DR_T1	1	18	
driver218	2017-03-01 21:01:00	2017-03-01 21:03:00	2.0	Break	1.0	1.0	ndd	unique	split_1	B_T0	1	18	
driver218	2017-03-01 21:03:00	2017-03-01 21:06:00	3.0	Idle	1.0	1.0	ndd	unique	split_1	I	1	18	
driver218	2017-03-01 21:06:00	2017-03-01 21:20:00	14.0	Break	1.0	1.0	ndd	unique	split_1	B_T0	1	18	
driver218	2017-03-01 21:20:00	2017-03-01 22:41:00	81.0	Idle	1.0	1.0	ndd	unique	split_1	I	1	18	
driver218	2017-03-01 22:41:00	2017-03-01 22:56:00	15.0	Break	1.0	1.0	ndd	unique	split_1	B_T2	1	18	
driver218	2017-03-01 22:56:00	2017-03-01 23:15:00	19.0	Idle	1.0	1.0	ndd	unique	split_2	I	1	18	
driver218	2017-03-01 23:15:00	2017-03-01 23:28:00	13.0	Break	1.0	1.0	ndd	unique	split_2	B_T0	1	18	
driver218	2017-03-01 23:28:00	2017-03-01 23:30:00	2.0	Idle	1.0	1.0	ndd	unique	split_2	I	1	18	
driver218	2017-03-01 23:30:00	2017-03-01 23:33:00	3.0	Break	1.0	1.0	ndd	unique	split_2	B_T0	1	18	
driver218	2017-03-01 23:33:00	2017-03-01 23:40:00	7.0	Idle	1.0	1.0	ndd	unique	split_2	I	1	18	
driver218	2017-03-01 23:40:00	2017-04-01 06:22:00	402.0	Break	1.0	1.0	ndd	unique	split_2	DR_T3	1	18	
driver218	2017-07-01 23:40:00	2017-07-01 23:41:00	1.0	Idle	1.0	6.0	ndd	unique	uninterrupted	I	1	18	
driver218	2017-07-01 23:41:00	2017-09-01 06:03:00	1822.0	Break	1.0	6.0	ndd	unique	uninterrupted	WR_T2	1	18	
driver219	2017-07-01 21:09:00	2017-07-01 21:14:00	5.0	Idle	2.0	6.0	ndd	first	uninterrupted	I	1	18	
driver219	2017-07-01 21:14:00	2017-07-01 21:59:00	45.0	Sug-Break	2.0	6.0	ndd	first	uninterrupted	B_T1	1	18	
driver219	2017-07-01 21:59:00	2017-08-01 08:59:00	660.0	Sug-Break	2.0	6.0	ndd	second	uninterrupted	DR_T1	1	18	
driver220	2017-01-14 05:29:00	2017-01-14 08:52:00	203.0	Driving	4.0	8.0	edd	first	uninterrupted	A	1	18	
driver220	2017-01-14 08:52:00	2017-01-14 09:45:00	53.0	Break	4.0	8.0	edd	first	uninterrupted	B_T1	1	18	
driver220	2017-01-14 09:45:00	2017-01-14 12:29:00	164.0	Driving	4.0	8.0	edd	second	uninterrupted	A	1	18	
driver220	2017-01-14 12:29:00	2017-01-14 12:57:00	28.0	Other	4.0	8.0	edd	second	uninterrupted	A	1	18	
driver220	2017-01-14 12:57:00	2017-01-14 13:00:00	3.0	Driving	4.0	8.0	edd	second	uninterrupted	A	1	18	
driver220	2017-01-14 13:00:00	2017-01-14 13:48:00	48.0	Break	4.0	8.0	edd	second	uninterrupted	B_T1	1	18	
driver220	2017-01-14 13:48:00	2017-01-14 17:21:00	213.0	Driving	4.0	8.0	edd	third	uninterrupted	A	1	18	
driver220	2017-01-14 17:21:00	2017-01-15 04:26:00	665.0	Break	4.0	8.0	edd	third	uninterrupted	DR_T1	1	18	
driver221	2017-04-01 22:03:00	2017-04-01 23:03:00	60.0	Idle	3.0	4.0	ndd	unique	uninterrupted	I	1	18	
driver221	2017-04-01 23:03:00	2017-05-01 15:29:00	986.0	Break	3.0	4.0	ndd	unique	uninterrupted	DR_T1	1	18	
driver221	2017-10-01 17:49:00	2017-10-01 18:05:00	16.0	Idle	4.0	9.0	ndd	unique	split_1	I	1	18	
driver221	2017-10-01 18:05:00	2017-10-01 18:24:00	19.0	Break	4.0	9.0	ndd	unique	split_1	B_T2	1	18	
driver221	2017-10-01 18:24:00	2017-10-01 19:49:00	85.0	Idle	4.0	9.0	ndd	unique	split_2	I	1	18	
driver221	2017-10-01 19:49:00	2017-10-01 20:01:00	12.0	Break	4.0	9.0	ndd	unique	split_2	B_T0	1	18	
driver221	2017-10-01 20:01:00	2017-10-01 21:15:00	74.0	Idle	4.0	9.0	ndd	unique	split_2	I	1	18	
driver221	2017-10-01 21:15:00	2017-11-01 09:33:00	738.0	Break	4.0	9.0	ndd	unique	split_2	DR_T1	1	18	
driver222	2017-02-01 05:33:00	2017-02-01 05:34:00	1.0	Break	1.0	1.0	ndd	unique	split_1	B_T0	1	18	
driver222	2017-02-01 05:34:00	2017-02-01 07:29:00	115.0	Idle	1.0	1.0	ndd	unique	split_1	I	1	18	
driver222	2017-02-01 07:29:00	2017-02-01 07:51:00	22.0	Break	1.0	1.0	ndd	unique	split_1	B_T2	1	18	
driver222	2017-02-01 07:51:00	2017-02-01 07:54:00	3.0	Idle	1.0	1.0	ndd	unique	split_2	I	1	18	
driver222	2017-02-01 07:54:00	2017-02-01 11:33:00	219.0	Break	1.0	1.0	ndd	unique	split_2	DR_T3	1	18	
driver222	2017-05-01 18:21:00	2017-05-01 21:26:00	185.0	Idle	1.0	6.0	ndd	unique	uninterrupted	I	1	18	
driver222	2017-05-01 21:26:00	2017-05-01 21:28:00	2.0	Break	1.0	6.0	ndd	unique	uninterrupted	B_T0	1	18	
driver222	2017-05-01 21:28:00	2017-05-01 21:29:00	1.0	Idle	1.0	6.0	ndd	unique	uninterrupted	I	1	18	
driver222	2017-05-01 21:29:00	2017-07-01 19:22:00	2753.0	Break	1.0	6.0	ndd	unique	uninterrupted	WR_T1	1	18	
driver226	2017-01-01 03:15:00	2017-03-01 21:19:00	3964.0	Break	1.0	1.0	ndd	unique	uninterrupted	WR_T1	1	18	
driver226	2017-03-01 21:19:00	2017-03-01 23:20:00	121.0	Idle	2.0	2.0	ndd	unique	uninterrupted	I	1	18	
driver226	2017-03-01 23:20:00	2017-04-01 08:30:00	550.0	Break	2.0	2.0	ndd	unique	uninterrupted	DR_T2	1	18	
driver231	2017-02-01 11:34:00	2017-02-01 13:21:00	107.0	Idle	1.0	2.0	ndd	unique	split_1	I	1	18	
driver231	2017-02-01 13:21:00	2017-02-01 13:43:00	22.0	Break	1.0	2.0	ndd	unique	split_1	B_T2	1	18	
driver231	2017-02-01 13:43:00	2017-02-01 15:47:00	124.0	Idle	1.0	2.0	ndd	unique	split_2	I	1	18	
driver231	2017-02-01 15:47:00	2017-02-01 15:59:00	12.0	Break	1.0	2.0	ndd	unique	split_2	B_T0	1	18	
driver231	2017-02-01 15:59:00	2017-02-01 16:22:00	23.0	Idle	1.0	2.0	ndd	unique	split_2	I	1	18	
driver231	2017-02-01 16:22:00	2017-03-01 07:48:00	926.0	Break	1.0	2.0	ndd	unique	split_2	DR_T4	1	18	
driver231	2017-10-01 14:38:00	2017-10-01 14:49:00	11.0	Idle	2.0	7.0	ndd	unique	uninterrupted	I	1	18	
driver231	2017-10-01 14:49:00	2017-11-01 00:35:00	586.0	Break	2.0	7.0	ndd	unique	uninterrupted	DR_T4	1	18	
driver231	2017-12-01 12:01:00	2017-12-01 12:20:00	19.0	Idle	2.0	9.0	ndd	unique	split_1	I	1	18	
driver231	2017-12-01 12:20:00	2017-12-01 12:46:00	26.0	Break	2.0	9.0	ndd	unique	split_1	B_T2	1	18	
driver231	2017-12-01 12:46:00	2017-12-01 13:22:00	36.0	Idle	2.0	9.0	ndd	unique	split_2	I	1	18	
driver231	2017-12-01 13:22:00	2017-12-01 13:28:00	6.0	Break	2.0	9.0	ndd	unique	split_2	B_T0	1	18	
driver231	2017-12-01 13:28:00	2017-12-01 16:06:00	158.0	Idle	2.0	9.0	ndd	unique	split_2	I	1	18	
driver231	2017-12-01 16:06:00	2017-01-13 06:43:00	877.0	Break	2.0	9.0	ndd	unique	split_2	DR_T1	1	18	
driver232	2017-07-01 08:45:00	2017-07-01 13:00:00	255.0	Driving	1.0	3.0	edd	first	uninterrupted	A	1	18	
driver232	2017-07-01 13:00:00	2017-07-01 13:06:00	6.0	Other	1.0	3.0	edd	first	uninterrupted	A	1	18	
driver232	2017-07-01 13:06:00	2017-07-01 14:01:00	55.0	Break	1.0	3.0	edd	first	uninterrupted	B_T1	1	18	
driver232	2017-07-01 14:01:00	2017-07-01 17:49:00	228.0	Driving	1.0	3.0	edd	second	uninterrupted	A	1	18	
driver232	2017-07-01 17:49:00	2017-07-01 17:52:00	3.0	Other	1.0	3.0	edd	second	uninterrupted	A	1	18	
driver232	2017-07-01 17:52:00	2017-07-01 17:56:00	4.0	Driving	1.0	3.0	edd	second	uninterrupted	A	1	18	
driver232	2017-07-01 17:56:00	2017-07-01 18:42:00	46.0	Break	1.0	3.0	edd	second	uninterrupted	B_T1	1	18	
driver232	2017-07-01 18:42:00	2017-07-01 19:03:00	21.0	Driving	1.0	3.0	edd	third	uninterrupted	A	1	18	
driver232	2017-07-01 19:03:00	2017-07-01 19:05:00	2.0	Other	1.0	3.0	edd	third	uninterrupted	A	1	18	
driver232	2017-07-01 19:05:00	2017-07-01 19:08:00	3.0	Driving	1.0	3.0	edd	third	uninterrupted	A	1	18	
driver232	2017-07-01 19:08:00	2017-07-01 19:23:00	15.0	Other	1.0	3.0	edd	third	uninterrupted	A	1	18	
driver232	2017-07-01 19:23:00	2017-07-01 19:27:00	4.0	Driving	1.0	3.0	edd	third	uninterrupted	A	1	18	
driver232	2017-07-01 19:27:00	2017-07-01 19:29:00	2.0	Other	1.0	3.0	edd	third	uninterrupted	A	1	18	
driver232	2017-07-01 19:29:00	2017-07-01 20:34:00	65.0	Driving	1.0	3.0	edd	third	uninterrupted	A	1	18	
driver232	2017-07-01 20:34:00	2017-07-01 20:36:00	2.0	Other	1.0	3.0	edd	third	uninterrupted	A	1	18	
driver232	2017-07-01 20:36:00	2017-07-01 20:42:00	6.0	Driving	1.0	3.0	edd	third	uninterrupted	A	1	18	
driver232	2017-07-01 20:42:00	2017-07-01 20:44:00	2.0	Other	1.0	3.0	edd	third	uninterrupted	A	1	18	
driver232	2017-07-01 20:44:00	2017-08-01 05:46:00	542.0	Break	1.0	3.0	edd	third	uninterrupted	DR_T2	1	18	
driver234	2017-03-01 06:24:00	2017-03-01 08:24:00	120.0	Idle	1.0	1.0	ndd	unique	uninterrupted	I	1	18	
driver234	2017-03-01 08:24:00	2017-03-01 15:22:00	418.0	Break	1.0	1.0	ndd	unique	uninterrupted	DR_T3	1	18	
driver238	2017-12-01 16:09:00	2017-12-01 16:36:00	27.0	Idle	3.0	7.0	ndd	unique	uninterrupted	I	1	18	
driver238	2017-12-01 16:36:00	2017-01-13 01:42:00	546.0	Break	3.0	7.0	ndd	unique	uninterrupted	DR_T4	1	18	
driver241	2017-10-01 06:01:00	2017-10-01 09:33:00	212.0	Idle	3.0	7.0	ndd	unique	uninterrupted	I	1	18	
driver241	2017-10-01 09:33:00	2017-11-01 06:33:00	1260.0	Break	3.0	7.0	ndd	unique	uninterrupted	DR_T1	1	18	
driver242	2017-05-01 12:03:00	2017-05-01 12:06:00	3.0	Idle	1.0	2.0	ndd	unique	split_1	I	1	18	
driver242	2017-05-01 12:06:00	2017-05-01 12:15:00	9.0	Break	1.0	2.0	ndd	unique	split_1	B_T0	1	18	
driver242	2017-05-01 12:15:00	2017-05-01 12:16:00	1.0	Idle	1.0	2.0	ndd	unique	split_1	I	1	18	
driver242	2017-05-01 12:16:00	2017-05-01 12:50:00	34.0	Break	1.0	2.0	ndd	unique	split_1	B_T2	1	18	
driver242	2017-05-01 12:50:00	2017-05-01 13:04:00	14.0	Idle	1.0	2.0	ndd	unique	split_2	I	1	18	
driver242	2017-05-01 16:39:00	2017-05-01 17:33:00	54.0	Other	1.0	2.0	ndd	unique	split_2	A	1	18	
driver242	2017-05-01 21:45:00	2017-06-01 07:09:00	564.0	Break	1.0	2.0	ndd	unique	split_2	DR_T4	1	18	
driver242	2017-09-01 16:26:00	2017-09-01 16:31:00	5.0	Idle	2.0	4.0	ndd	unique	split_1	I	1	18	
driver242	2017-09-01 16:31:00	2017-09-01 17:11:00	40.0	Break	2.0	4.0	ndd	unique	split_1	B_T2	1	18	
driver242	2017-09-01 17:11:00	2017-09-01 17:17:00	6.0	Idle	2.0	4.0	ndd	unique	split_2	I	1	18	
driver242	2017-09-01 17:17:00	2017-10-01 07:50:00	873.0	Break	2.0	4.0	ndd	unique	split_2	DR_T1	1	18	
driver242	2017-10-01 07:50:00	2017-10-01 08:18:00	28.0	Idle	2.0	5.0	edd	first	split_1	I	1	18	
driver242	2017-10-01 12:09:00	2017-10-01 12:34:00	25.0	Break	2.0	5.0	edd	first	split_1	B_T2	1	18	
driver242	2017-10-01 15:43:00	2017-10-01 16:39:00	56.0	Break	2.0	5.0	edd	first	split_2	B_T3	1	18	
driver242	2017-10-01 16:39:00	2017-10-01 16:45:00	6.0	Driving	2.0	5.0	edd	second	uninterrupted	A	1	18	
driver242	2017-10-01 16:45:00	2017-10-01 16:58:00	13.0	Other	2.0	5.0	edd	second	uninterrupted	A	1	18	
driver242	2017-10-01 16:58:00	2017-10-01 16:59:00	1.0	Driving	2.0	5.0	edd	second	uninterrupted	A	1	18	
driver242	2017-10-01 16:59:00	2017-10-01 17:03:00	4.0	Other	2.0	5.0	edd	second	uninterrupted	A	1	18	
driver242	2017-10-01 17:03:00	2017-10-01 17:05:00	2.0	Driving	2.0	5.0	edd	second	uninterrupted	A	1	18	
driver242	2017-10-01 17:05:00	2017-10-01 17:08:00	3.0	Other	2.0	5.0	edd	second	uninterrupted	A	1	18	
driver242	2017-10-01 17:08:00	2017-10-01 17:10:00	2.0	Driving	2.0	5.0	edd	second	uninterrupted	A	1	18	
driver242	2017-10-01 17:10:00	2017-10-01 17:25:00	15.0	Other	2.0	5.0	edd	second	uninterrupted	A	1	18	
driver242	2017-10-01 17:25:00	2017-10-01 18:23:00	58.0	Break	2.0	5.0	edd	second	uninterrupted	B_T1	1	18	
driver242	2017-11-01 00:53:00	2017-11-01 09:42:00	529.0	Other	2.0	5.0	edd	third	split_1	A	1	18	
driver242	2017-11-01 09:42:00	2017-11-01 10:04:00	22.0	Break	2.0	5.0	edd	third	split_1	B_T2	1	18	
driver242	2017-11-01 10:04:00	2017-11-01 10:29:00	25.0	Driving	2.0	5.0	edd	third	split_2	A	1	18	
driver242	2017-11-01 11:14:00	2017-11-01 11:24:00	10.0	Driving	2.0	5.0	edd	third	split_2	A	1	18	
driver242	2017-11-01 11:51:00	2017-11-01 12:00:00	9.0	Driving	2.0	5.0	edd	third	split_2	A	1	18	
driver242	2017-11-01 12:52:00	2017-11-01 13:01:00	9.0	Driving	2.0	5.0	edd	third	split_2	A	1	18	
driver242	2017-11-01 13:23:00	2017-11-01 13:39:00	16.0	Driving	2.0	5.0	edd	third	split_2	A	1	18	
driver242	2017-11-01 17:03:00	2017-11-01 17:12:00	9.0	Idle	2.0	5.0	edd	third	split_2	I	1	18	
driver242	2017-11-01 17:49:00	2017-11-01 17:59:00	10.0	Idle	2.0	5.0	edd	third	split_2	I	1	18	
driver242	2017-11-01 19:10:00	2017-11-01 19:12:00	2.0	Break	2.0	5.0	edd	third	split_2	B_T0	1	18	
driver242	2017-11-01 19:12:00	2017-11-01 19:22:00	10.0	Other	2.0	5.0	edd	third	split_2	A	1	18	
driver242	2017-11-01 19:22:00	2017-11-01 19:42:00	20.0	Driving	2.0	5.0	edd	third	split_2	A	1	18	
driver242	2017-11-01 19:54:00	2017-11-01 20:11:00	17.0	Driving	2.0	5.0	edd	third	split_2	A	1	18	
driver242	2017-11-01 21:11:00	2017-11-01 21:12:00	1.0	Break	2.0	5.0	edd	third	split_2	B_T0	1	18	
driver242	2017-11-01 21:12:00	2017-11-01 21:13:00	1.0	Driving	2.0	5.0	edd	third	split_2	A	1	18	
driver242	2017-11-01 21:13:00	2017-11-01 21:28:00	15.0	Other	2.0	5.0	edd	third	split_2	A	1	18	
driver242	2017-12-01 03:46:00	2017-12-01 03:47:00	1.0	Idle	2.0	5.0	edd	third	split_2	I	1	18	
driver242	2017-12-01 03:47:00	2017-12-01 03:48:00	1.0	Break	2.0	5.0	edd	third	split_2	B_T0	1	18	
driver242	2017-12-01 03:48:00	2017-12-01 04:05:00	17.0	Other	2.0	5.0	edd	third	split_2	A	1	18	
driver242	2017-12-01 04:05:00	2017-12-01 17:06:00	781.0	Break	2.0	5.0	edd	third	split_2	DR_T1	1	18	
driver242	2017-12-01 17:06:00	2017-12-01 17:36:00	30.0	Idle	2.0	6.0	ndd	unique	uninterrupted	I	1	18	
driver242	2017-12-01 17:36:00	2017-01-13 08:55:00	919.0	Break	2.0	6.0	ndd	unique	uninterrupted	DR_T1	1	18	
driver244	2017-04-01 17:06:00	2017-04-01 17:07:00	1.0	Break	1.0	3.0	ndd	unique	uninterrupted	B_T0	1	18	
driver244	2017-05-01 00:59:00	2017-05-01 10:04:00	545.0	Break	1.0	3.0	ndd	unique	uninterrupted	DR_T2	1	18	
driver244	2017-05-01 10:04:00	2017-05-01 10:16:00	12.0	Idle	1.0	4.0	ndd	unique	split_1	I	1	18	
driver244	2017-05-01 10:16:00	2017-05-01 10:59:00	43.0	Break	1.0	4.0	ndd	unique	split_1	B_T2	1	18	
driver244	2017-05-01 10:59:00	2017-05-01 11:58:00	59.0	Idle	1.0	4.0	ndd	unique	split_2	I	1	18	
driver244	2017-05-01 17:09:00	2017-07-01 14:34:00	2725.0	Break	1.0	4.0	ndd	unique	split_2	WR_T1	1	18	
driver244	2017-10-01 16:15:00	2017-10-01 16:45:00	30.0	Break	2.0	7.0	ndd	unique	split_1	B_T2	1	18	
driver244	2017-11-01 00:04:00	2017-11-01 09:53:00	589.0	Break	2.0	7.0	ndd	unique	split_2	DR_T2	1	18	
driver249	2017-05-01 13:31:00	2017-05-01 17:35:00	244.0	Idle	2.0	3.0	ndd	unique	uninterrupted	I	1	18	
driver249	2017-05-01 17:35:00	2017-06-01 05:40:00	725.0	Break	2.0	3.0	ndd	unique	uninterrupted	DR_T1	1	18	
driver251	2017-09-01 16:14:00	2017-09-01 16:16:00	2.0	Break	1.0	1.0	ndd	unique	split_1	B_T0	1	18	
driver251	2017-09-01 16:16:00	2017-09-01 18:20:00	124.0	Idle	1.0	1.0	ndd	unique	split_1	I	1	18	
driver251	2017-09-01 18:20:00	2017-09-01 18:48:00	28.0	Break	1.0	1.0	ndd	unique	split_1	B_T2	1	18	
driver251	2017-09-01 18:48:00	2017-09-01 18:49:00	1.0	Idle	1.0	1.0	ndd	unique	split_2	I	1	18	
driver251	2017-09-01 18:49:00	2017-09-01 18:51:00	2.0	Break	1.0	1.0	ndd	unique	split_2	B_T0	1	18	
driver251	2017-09-01 18:51:00	2017-09-01 19:37:00	46.0	Idle	1.0	1.0	ndd	unique	split_2	I	1	18	
driver251	2017-09-01 19:37:00	2017-09-01 19:47:00	10.0	Break	1.0	1.0	ndd	unique	split_2	B_T0	1	18	
driver251	2017-09-01 19:47:00	2017-09-01 20:44:00	57.0	Idle	1.0	1.0	ndd	unique	split_2	I	1	18	
driver251	2017-09-01 20:44:00	2017-10-01 07:52:00	668.0	Break	1.0	1.0	ndd	unique	split_2	DR_T1	1	18	
driver255	2017-11-01 12:03:00	2017-11-01 12:07:00	4.0	Driving	4.0	10.0	edd	first	uninterrupted	A	1	18	
driver255	2017-11-01 12:07:00	2017-11-01 14:26:00	139.0	Break	4.0	10.0	edd	first	uninterrupted	B_T1	1	18	
driver255	2017-11-01 14:26:00	2017-11-01 14:29:00	3.0	Driving	4.0	10.0	edd	second	uninterrupted	A	1	18	
driver255	2017-11-01 14:29:00	2017-11-01 15:48:00	79.0	Break	4.0	10.0	edd	second	uninterrupted	B_T1	1	18	
driver255	2017-11-01 15:48:00	2017-11-01 15:49:00	1.0	Other	4.0	10.0	edd	third	split_1	A	1	18	
driver255	2017-11-01 15:49:00	2017-11-01 16:09:00	20.0	Driving	4.0	10.0	edd	third	split_1	A	1	18	
driver255	2017-11-01 16:09:00	2017-11-01 16:18:00	9.0	Other	4.0	10.0	edd	third	split_1	A	1	18	
driver255	2017-11-01 16:18:00	2017-11-01 16:20:00	2.0	Driving	4.0	10.0	edd	third	split_1	A	1	18	
driver255	2017-11-01 16:20:00	2017-11-01 16:23:00	3.0	Other	4.0	10.0	edd	third	split_1	A	1	18	
driver255	2017-11-01 16:23:00	2017-11-01 17:44:00	81.0	Driving	4.0	10.0	edd	third	split_1	A	1	18	
driver255	2017-11-01 17:44:00	2017-11-01 17:49:00	5.0	Other	4.0	10.0	edd	third	split_1	A	1	18	
driver255	2017-11-01 17:49:00	2017-11-01 19:00:00	71.0	Driving	4.0	10.0	edd	third	split_1	A	1	18	
driver255	2017-11-01 19:00:00	2017-11-01 19:05:00	5.0	Other	4.0	10.0	edd	third	split_1	A	1	18	
driver255	2017-11-01 19:05:00	2017-11-01 20:40:00	95.0	Driving	4.0	10.0	edd	third	split_1	A	1	18	
driver255	2017-11-01 20:40:00	2017-11-01 21:57:00	77.0	Break	4.0	10.0	edd	third	split_1	B_T2	1	18	
driver255	2017-11-01 21:57:00	2017-12-01 02:23:00	266.0	Driving	4.0	10.0	edd	third	split_2	A	1	18	
driver255	2017-12-01 02:23:00	2017-12-01 13:47:00	684.0	Break	4.0	10.0	edd	third	split_2	DR_T1	1	18	
driver259	2017-06-01 20:39:00	2017-06-01 20:50:00	11.0	Idle	2.0	5.0	ndd	unique	uninterrupted	I	1	18	
driver259	2017-06-01 20:50:00	2017-06-01 21:01:00	11.0	Break	2.0	5.0	ndd	unique	uninterrupted	B_T0	1	18	
driver259	2017-06-01 21:01:00	2017-06-01 21:57:00	56.0	Idle	2.0	5.0	ndd	unique	uninterrupted	I	1	18	
driver259	2017-06-01 21:57:00	2017-07-01 11:27:00	810.0	Break	2.0	5.0	ndd	unique	uninterrupted	DR_T1	1	18	
driver261	2017-06-01 22:26:00	2017-06-01 22:47:00	21.0	Idle	3.0	6.0	ndd	unique	uninterrupted	I	1	18	
driver261	2017-06-01 22:47:00	2017-07-01 03:10:00	263.0	Break	3.0	6.0	ndd	unique	uninterrupted	DR_T3	1	18	
driver264	2017-05-01 06:44:00	2017-05-01 07:10:00	26.0	Idle	1.0	3.0	ndd	unique	uninterrupted	I	1	18	
driver264	2017-05-01 07:10:00	2017-05-01 11:33:00	263.0	Break	1.0	3.0	ndd	unique	uninterrupted	DR_T3	1	18	
driver267	2017-12-01 00:52:00	2017-12-01 04:41:00	229.0	Driving	3.0	10.0	edd	first	uninterrupted	A	1	18	
driver267	2017-12-01 04:41:00	2017-12-01 05:32:00	51.0	Break	3.0	10.0	edd	first	uninterrupted	B_T1	1	18	
driver267	2017-12-01 05:32:00	2017-12-01 09:37:00	245.0	Driving	3.0	10.0	edd	second	uninterrupted	A	1	18	
driver267	2017-12-01 09:37:00	2017-12-01 10:23:00	46.0	Break	3.0	10.0	edd	second	uninterrupted	B_T1	1	18	
driver267	2017-12-01 10:23:00	2017-12-01 11:39:00	76.0	Driving	3.0	10.0	edd	third	uninterrupted	A	1	18	
driver267	2017-12-01 11:39:00	2017-12-01 20:40:00	541.0	Break	3.0	10.0	edd	third	uninterrupted	DR_T2	1	18	
driver268	2017-04-01 08:02:00	2017-04-01 17:10:00	548.0	Break	1.0	1.0	ndd	unique	uninterrupted	DR_T2	1	18	
driver269	2017-02-01 04:37:00	2017-02-01 04:54:00	17.0	Idle	1.0	1.0	edd	first	split_1	I	1	18	
driver269	2017-02-01 04:54:00	2017-02-01 04:57:00	3.0	Break	1.0	1.0	edd	first	split_1	B_T0	1	18	
driver269	2017-02-01 04:57:00	2017-02-01 05:07:00	10.0	Idle	1.0	1.0	edd	first	split_1	I	1	18	
driver269	2017-02-01 05:07:00	2017-02-01 05:28:00	21.0	Break	1.0	1.0	edd	first	split_1	B_T2	1	18	
driver269	2017-02-01 05:28:00	2017-02-01 08:54:00	206.0	Idle	1.0	1.0	edd	first	split_2	I	1	18	
driver269	2017-02-01 08:54:00	2017-02-01 10:04:00	70.0	Break	1.0	1.0	edd	first	split_2	B_T3	1	18	
driver269	2017-02-01 10:04:00	2017-02-01 10:35:00	31.0	Idle	1.0	1.0	edd	second	uninterrupted	I	1	18	
driver269	2017-02-01 10:35:00	2017-02-01 10:48:00	13.0	Break	1.0	1.0	edd	second	uninterrupted	B_T0	1	18	
driver269	2017-02-01 10:48:00	2017-02-01 11:03:00	15.0	Idle	1.0	1.0	edd	second	uninterrupted	I	1	18	
driver269	2017-02-01 11:03:00	2017-02-01 11:53:00	50.0	Break	1.0	1.0	edd	second	uninterrupted	B_T1	1	18	
driver269	2017-02-01 11:53:00	2017-02-01 11:55:00	2.0	Idle	1.0	1.0	edd	third	split_1	I	1	18	
driver269	2017-02-01 11:55:00	2017-02-01 12:07:00	12.0	Break	1.0	1.0	edd	third	split_1	B_T0	1	18	
driver269	2017-02-01 12:07:00	2017-02-01 12:11:00	4.0	Idle	1.0	1.0	edd	third	split_1	I	1	18	
driver269	2017-02-01 12:14:00	2017-02-01 12:15:00	1.0	Break	1.0	1.0	edd	third	split_1	B_T0	1	18	
driver269	2017-02-01 12:15:00	2017-02-01 15:23:00	188.0	Driving	1.0	1.0	edd	third	split_1	A	1	18	
driver269	2017-02-01 15:23:00	2017-02-01 15:26:00	3.0	Other	1.0	1.0	edd	third	split_1	A	1	18	
driver269	2017-02-01 15:26:00	2017-02-01 15:29:00	3.0	Driving	1.0	1.0	edd	third	split_1	A	1	18	
driver269	2017-02-01 15:29:00	2017-02-01 15:35:00	6.0	Break	1.0	1.0	edd	third	split_1	B_T0	1	18	
driver269	2017-02-01 15:35:00	2017-02-01 15:38:00	3.0	Driving	1.0	1.0	edd	third	split_1	A	1	18	
driver269	2017-02-01 15:38:00	2017-02-01 15:39:00	1.0	Other	1.0	1.0	edd	third	split_1	A	1	18	
driver269	2017-02-01 15:39:00	2017-02-01 16:26:00	47.0	Break	1.0	1.0	edd	third	split_1	B_T2	1	18	
driver269	2017-02-01 16:26:00	2017-02-01 16:40:00	14.0	Other	1.0	1.0	edd	third	split_2	A	1	18	
driver269	2017-02-01 16:40:00	2017-02-01 17:41:00	61.0	Driving	1.0	1.0	edd	third	split_2	A	1	18	
driver269	2017-02-01 17:46:00	2017-02-01 21:53:00	247.0	Idle	1.0	1.0	edd	third	split_2	I	1	18	
driver269	2017-02-01 21:53:00	2017-03-01 06:55:00	542.0	Break	1.0	1.0	edd	third	split_2	DR_T2	1	18	
driver269	2017-05-01 11:26:00	2017-05-01 11:51:00	25.0	Idle	1.0	4.0	edd	first	split_1	I	1	18	
driver269	2017-05-01 11:51:00	2017-05-01 12:54:00	63.0	Break	1.0	4.0	edd	first	split_1	B_T2	1	18	
driver269	2017-05-01 12:54:00	2017-05-01 13:07:00	13.0	Idle	1.0	4.0	edd	first	split_2	I	1	18	
driver269	2017-05-01 13:07:00	2017-05-01 13:44:00	37.0	Break	1.0	4.0	edd	first	split_2	B_T3	1	18	
driver269	2017-05-01 13:44:00	2017-05-01 13:57:00	13.0	Idle	1.0	4.0	edd	second	split_1	I	1	18	
driver269	2017-05-01 13:57:00	2017-05-01 14:07:00	10.0	Break	1.0	4.0	edd	second	split_1	B_T0	1	18	
driver269	2017-05-01 14:07:00	2017-05-01 14:11:00	4.0	Idle	1.0	4.0	edd	second	split_1	I	1	18	
driver269	2017-05-01 14:11:00	2017-05-01 14:30:00	19.0	Break	1.0	4.0	edd	second	split_1	B_T2	1	18	
driver269	2017-05-01 14:30:00	2017-05-01 14:32:00	2.0	Idle	1.0	4.0	edd	second	split_2	I	1	18	
driver269	2017-05-01 14:32:00	2017-05-01 17:25:00	173.0	Break	1.0	4.0	edd	second	split_2	B_T3	1	18	
driver269	2017-05-01 17:25:00	2017-05-01 22:06:00	281.0	Idle	1.0	4.0	edd	third	uninterrupted	I	1	18	
driver269	2017-05-01 22:08:00	2017-05-01 22:10:00	2.0	Break	1.0	4.0	edd	third	uninterrupted	B_T0	1	18	
driver269	2017-05-01 22:10:00	2017-05-01 23:23:00	73.0	Driving	1.0	4.0	edd	third	uninterrupted	A	1	18	
driver269	2017-05-01 23:23:00	2017-08-01 14:32:00	3789.0	Break	1.0	4.0	edd	third	uninterrupted	WR_T1	1	18	
driver269	2017-11-01 12:52:00	2017-11-01 14:24:00	92.0	Idle	2.0	8.0	ndd	unique	uninterrupted	I	1	18	
driver269	2017-11-01 14:24:00	2017-11-01 14:29:00	5.0	Break	2.0	8.0	ndd	unique	uninterrupted	B_T0	1	18	
driver269	2017-11-01 14:29:00	2017-11-01 14:55:00	26.0	Idle	2.0	8.0	ndd	unique	uninterrupted	I	1	18	
driver269	2017-11-01 14:55:00	2017-12-01 17:26:00	1591.0	Break	2.0	8.0	ndd	unique	uninterrupted	WR_T2	1	18	
driver270	2017-03-01 15:03:00	2017-04-01 10:52:00	1189.0	Break	1.0	3.0	ndd	unique	uninterrupted	DR_T4	1	18	
driver270	2017-04-01 22:06:00	2017-05-01 07:33:00	567.0	Break	1.0	5.0	ndd	unique	uninterrupted	DR_T4	1	18	
driver270	2017-05-01 07:41:00	2017-05-01 08:02:00	21.0	Break	1.0	6.0	edd	first	split_1	B_T2	1	18	
driver270	2017-05-01 08:02:00	2017-05-01 08:04:00	2.0	Driving	1.0	6.0	edd	first	split_2	A	1	18	
driver270	2017-05-01 08:04:00	2017-05-01 10:22:00	138.0	Break	1.0	6.0	edd	first	split_2	B_T3	1	18	
driver270	2017-05-01 14:49:00	2017-05-01 16:08:00	79.0	Break	1.0	6.0	edd	second	uninterrupted	B_T1	1	18	
driver270	2017-05-01 16:42:00	2017-05-01 17:28:00	46.0	Break	1.0	6.0	edd	third	split_1	B_T2	1	18	
driver270	2017-05-01 20:11:00	2017-06-01 07:22:00	671.0	Break	1.0	6.0	edd	third	split_2	DR_T1	1	18	
driver272	2017-04-01 23:30:00	2017-04-01 23:31:00	1.0	Other	2.0	5.0	edd	first	uninterrupted	A	1	18	
driver272	2017-04-01 23:31:00	2017-05-01 03:23:00	232.0	Driving	2.0	5.0	edd	first	uninterrupted	A	1	18	
driver272	2017-05-01 03:23:00	2017-05-01 04:17:00	54.0	Break	2.0	5.0	edd	first	uninterrupted	B_T1	1	18	
driver272	2017-05-01 04:17:00	2017-05-01 06:43:00	146.0	Driving	2.0	5.0	edd	second	uninterrupted	A	1	18	
driver272	2017-05-01 06:43:00	2017-05-01 07:35:00	52.0	Break	2.0	5.0	edd	second	uninterrupted	B_T1	1	18	
driver272	2017-05-01 07:35:00	2017-05-01 08:32:00	57.0	Driving	2.0	5.0	edd	third	uninterrupted	A	1	18	
driver272	2017-05-01 08:32:00	2017-05-01 08:34:00	2.0	Other	2.0	5.0	edd	third	uninterrupted	A	1	18	
driver272	2017-05-01 08:34:00	2017-05-01 08:40:00	6.0	Driving	2.0	5.0	edd	third	uninterrupted	A	1	18	
driver272	2017-05-01 08:40:00	2017-05-01 08:42:00	2.0	Other	2.0	5.0	edd	third	uninterrupted	A	1	18	
driver272	2017-05-01 08:42:00	2017-05-01 08:43:00	1.0	Driving	2.0	5.0	edd	third	uninterrupted	A	1	18	
driver272	2017-05-01 08:43:00	2017-05-01 08:45:00	2.0	Other	2.0	5.0	edd	third	uninterrupted	A	1	18	
driver272	2017-05-01 08:45:00	2017-05-01 10:35:00	110.0	Driving	2.0	5.0	edd	third	uninterrupted	A	1	18	
driver272	2017-05-01 10:35:00	2017-05-01 10:42:00	7.0	Other	2.0	5.0	edd	third	uninterrupted	A	1	18	
driver272	2017-05-01 10:42:00	2017-05-01 19:49:00	547.0	Break	2.0	5.0	edd	third	uninterrupted	DR_T2	1	18	
driver273	2017-01-01 01:19:00	2017-01-01 01:41:00	22.0	Break	1.0	1.0	ndd	unique	split_1	B_T2	1	18	
driver273	2017-01-01 01:41:00	2017-01-01 01:43:00	2.0	Idle	1.0	1.0	ndd	unique	split_2	I	1	18	
driver273	2017-01-01 01:43:00	2017-01-01 11:06:00	563.0	Break	1.0	1.0	ndd	unique	split_2	DR_T2	1	18	
driver273	2017-02-01 11:22:00	2017-02-01 13:06:00	104.0	Idle	1.0	3.0	ndd	unique	split_1	I	1	18	
driver273	2017-02-01 13:06:00	2017-02-01 13:11:00	5.0	Break	1.0	3.0	ndd	unique	split_1	B_T0	1	18	
driver273	2017-02-01 13:11:00	2017-02-01 13:14:00	3.0	Idle	1.0	3.0	ndd	unique	split_1	I	1	18	
driver273	2017-02-01 13:14:00	2017-02-01 13:32:00	18.0	Break	1.0	3.0	ndd	unique	split_1	B_T2	1	18	
driver273	2017-02-01 13:32:00	2017-02-01 13:34:00	2.0	Idle	1.0	3.0	ndd	unique	split_2	I	1	18	
driver273	2017-02-01 13:34:00	2017-03-01 07:32:00	1078.0	Break	1.0	3.0	ndd	unique	split_2	DR_T1	1	18	
driver273	2017-03-01 07:32:00	2017-03-01 07:34:00	2.0	Idle	1.0	4.0	ndd	unique	split_1	I	1	18	
driver273	2017-03-01 07:34:00	2017-03-01 07:35:00	1.0	Break	1.0	4.0	ndd	unique	split_1	B_T0	1	18	
driver273	2017-03-01 07:35:00	2017-03-01 07:36:00	1.0	Idle	1.0	4.0	ndd	unique	split_1	I	1	18	
driver273	2017-03-01 07:36:00	2017-03-01 07:48:00	12.0	Break	1.0	4.0	ndd	unique	split_1	B_T0	1	18	
driver273	2017-03-01 07:48:00	2017-03-01 08:31:00	43.0	Other	1.0	4.0	ndd	unique	split_1	A	1	18	
driver273	2017-03-01 08:31:00	2017-03-01 08:33:00	2.0	Idle	1.0	4.0	ndd	unique	split_1	I	1	18	
driver273	2017-03-01 08:33:00	2017-03-01 08:34:00	1.0	Other	1.0	4.0	ndd	unique	split_1	A	1	18	
driver273	2017-03-01 08:34:00	2017-03-01 08:35:00	1.0	Idle	1.0	4.0	ndd	unique	split_1	I	1	18	
driver273	2017-03-01 08:35:00	2017-03-01 09:32:00	57.0	Other	1.0	4.0	ndd	unique	split_1	A	1	18	
driver273	2017-03-01 09:32:00	2017-03-01 09:44:00	12.0	Idle	1.0	4.0	ndd	unique	split_1	I	1	18	
driver273	2017-03-01 09:44:00	2017-03-01 10:20:00	36.0	Break	1.0	4.0	ndd	unique	split_1	B_T2	1	18	
driver273	2017-03-01 10:20:00	2017-03-01 14:16:00	236.0	Idle	1.0	4.0	ndd	unique	split_2	I	1	18	
driver273	2017-03-01 14:16:00	2017-04-01 17:29:00	1633.0	Break	1.0	4.0	ndd	unique	split_2	WR_T2	1	18	
driver274	2017-01-14 19:15:00	2017-01-14 19:28:00	13.0	Idle	2.0	7.0	ndd	unique	split_1	I	1	18	
driver274	2017-01-14 19:28:00	2017-01-14 20:10:00	42.0	Break	2.0	7.0	ndd	unique	split_1	B_T2	1	18	
driver274	2017-01-14 20:10:00	2017-01-14 20:15:00	5.0	Idle	2.0	7.0	ndd	unique	split_2	I	1	18	
driver274	2017-01-14 20:15:00	2017-01-15 21:36:00	1521.0	Break	2.0	7.0	ndd	unique	split_2	WR_T2	1	18	
driver274	2017-01-15 21:36:00	2017-01-15 21:39:00	3.0	Idle	3.0	8.0	ndd	first	uninterrupted	I	1	18	
driver274	2017-01-15 21:39:00	2017-01-15 21:47:00	8.0	Break	3.0	8.0	ndd	first	uninterrupted	B_T0	1	18	
driver274	2017-01-15 21:47:00	2017-01-15 21:57:00	10.0	Idle	3.0	8.0	ndd	first	uninterrupted	I	1	18	
driver274	2017-01-15 21:57:00	2017-01-15 21:58:00	1.0	Break	3.0	8.0	ndd	first	uninterrupted	B_T0	1	18	
driver274	2017-01-15 21:58:00	2017-01-16 00:15:00	137.0	Idle	3.0	8.0	ndd	first	uninterrupted	I	1	18	
driver274	2017-01-16 00:15:00	2017-01-16 01:00:00	45.0	Sug-Break	3.0	8.0	ndd	first	uninterrupted	B_T1	1	18	
driver274	2017-01-16 01:00:00	2017-01-16 12:00:00	660.0	Sug-Break	3.0	8.0	ndd	second	uninterrupted	DR_T1	1	18	
driver280	2017-06-01 09:03:00	2017-06-01 19:06:00	603.0	Break	1.0	1.0	ndd	unique	uninterrupted	DR_T2	1	18	
driver285	2017-08-01 12:48:00	2017-08-01 12:49:00	1.0	Driving	3.0	6.0	none	none	uninterrupted	A	0	18	
driver285	2017-08-01 12:49:00	2017-08-01 13:52:00	63.0	Break	3.0	6.0	none	none	uninterrupted	B_T1	0	18	
driver285	2017-08-01 13:52:00	2017-08-01 13:56:00	4.0	Other	3.0	6.0	edd	first	split_1	A	1	18	
driver285	2017-08-01 13:56:00	2017-08-01 14:20:00	24.0	Break	3.0	6.0	edd	first	split_1	B_T2	1	18	
driver285	2017-08-01 14:20:00	2017-08-01 14:26:00	6.0	Other	3.0	6.0	edd	first	split_2	A	1	18	
driver285	2017-08-01 14:26:00	2017-08-01 14:27:00	1.0	Driving	3.0	6.0	edd	first	split_2	A	1	18	
driver285	2017-08-01 14:27:00	2017-08-01 15:27:00	60.0	Break	3.0	6.0	edd	first	split_2	B_T3	1	18	
driver285	2017-08-01 15:27:00	2017-08-01 15:29:00	2.0	Driving	3.0	6.0	edd	second	uninterrupted	A	1	18	
driver285	2017-08-01 15:29:00	2017-08-01 15:34:00	5.0	Other	3.0	6.0	edd	second	uninterrupted	A	1	18	
driver285	2017-08-01 15:34:00	2017-08-01 16:34:00	60.0	Break	3.0	6.0	edd	second	uninterrupted	B_T1	1	18	
driver285	2017-08-01 16:34:00	2017-08-01 16:35:00	1.0	Other	3.0	6.0	edd	third	split_1	A	1	18	
driver285	2017-08-01 16:35:00	2017-08-01 16:37:00	2.0	Driving	3.0	6.0	edd	third	split_1	A	1	18	
driver285	2017-08-01 16:37:00	2017-08-01 18:07:00	90.0	Break	3.0	6.0	edd	third	split_1	B_T2	1	18	
driver285	2017-08-01 18:07:00	2017-08-01 18:29:00	22.0	Driving	3.0	6.0	edd	third	split_2	A	1	18	
driver285	2017-08-01 18:29:00	2017-10-01 16:17:00	2748.0	Break	3.0	6.0	edd	third	split_2	WR_T1	1	18	
driver288	2017-10-01 11:43:00	2017-10-01 14:59:00	196.0	Driving	1.0	3.0	edd	first	uninterrupted	A	1	18	
driver288	2017-10-01 14:59:00	2017-10-01 15:48:00	49.0	Break	1.0	3.0	edd	first	uninterrupted	B_T1	1	18	
driver288	2017-10-01 15:48:00	2017-10-01 18:14:00	146.0	Driving	1.0	3.0	edd	second	uninterrupted	A	1	18	
driver288	2017-10-01 18:14:00	2017-10-01 19:06:00	52.0	Break	1.0	3.0	edd	second	uninterrupted	B_T1	1	18	
driver288	2017-10-01 19:06:00	2017-10-01 22:32:00	206.0	Driving	1.0	3.0	edd	third	uninterrupted	A	1	18	
driver288	2017-10-01 22:32:00	2017-11-01 07:50:00	558.0	Break	1.0	3.0	edd	third	uninterrupted	DR_T2	1	18	
